Date,Link,Message
2026-05-23 05:12:48,https://www.linkedin.com/feed/update/urn%3Ali%3Aactivity%3A7459611396499181568,I don’t buy books published after 2023)
2026-05-23 05:11:29,https://www.linkedin.com/feed/update/urn%3Ali%3Aactivity%3A7463197840031457280,Thank you for sharing karuna!
2026-05-16 10:24:10,https://www.linkedin.com/feed/update/urn%3Ali%3Aactivity%3A7461213159836778497,"Sudip, that’s son of a gun will be afraid of writing back from now on"
2026-05-16 05:43:09,https://www.linkedin.com/feed/update/urn%3Ali%3Aactivity%3A7461225090765135872,"Very inspiring post, Jamie, thank you for sharing"
2026-05-15 19:37:41,https://www.linkedin.com/feed/update/urn%3Ali%3Aactivity%3A7460952712973594624,Oleksandr Shelegeda ☝️
2026-05-14 07:19:16,https://www.linkedin.com/feed/update/urn%3Ali%3Aactivity%3A7460573376521154560,Preach brother!
2026-05-12 16:23:15,https://www.linkedin.com/feed/update/urn%3Ali%3AugcPost%3A7459919765768192001,"As a runner, I cannot agree more - never trust a runner!"
2026-05-12 07:27:52,https://www.linkedin.com/feed/update/urn%3Ali%3Aactivity%3A7459823202358444032,This is going to be huge! Looking forward to posts from the event!
2026-05-09 10:30:42,https://www.linkedin.com/feed/update/urn%3Ali%3Aactivity%3A7453044660408573952,"Emma, a while back my ex manager told me that project management is going to disappear as a concept (it is still there though and flourishing). Do you think there will be a massive shift in the change management space as a result of tech shifts we observe now?"
2026-05-08 11:56:22,https://www.linkedin.com/feed/update/urn%3Ali%3Aactivity%3A7458377310430478336,Preach brother!
2026-05-07 19:05:22,https://www.linkedin.com/feed/update/urn%3Ali%3Aactivity%3A7458225155169800192,Wise words
2026-05-06 08:30:48,https://www.linkedin.com/feed/update/urn%3Ali%3Aactivity%3A7457697305593450496,I checked it last week and there are still some users raising questions (technical meaningful questions). I guess the sheer volume is just not the same. Plus all the developers having a grudge on the portal sharing content for training models
2026-05-05 04:28:07,https://www.linkedin.com/feed/update/urn%3Ali%3Aactivity%3A7455632124809834496,Preach brother!
2026-04-25 08:53:09,https://www.linkedin.com/feed/update/urn%3Ali%3Aactivity%3A7449776991014326273,"Neale, for a brief second I thought it was you 😅"
2026-04-17 13:37:14,https://www.linkedin.com/feed/update/urn%3Ali%3Aactivity%3A7450899596538593280,"Louis - keep going, don't stop!"
2026-04-17 08:49:06,https://www.linkedin.com/feed/update/urn%3Ali%3Aactivity%3A7450786043798163458,They don’t know who they are messing with! 🫡
2026-04-16 15:34:49,https://www.linkedin.com/feed/update/urn%3Ali%3Aactivity%3A7450518914284892160,"Aarti, good thing Konan doesn’t know how to use it so polar bears are safe! 😅"
2026-04-13 09:29:00,https://www.linkedin.com/feed/update/urn%3Ali%3Aactivity%3A7449358295343140864,""
2026-04-09 07:03:37,https://www.linkedin.com/feed/update/urn%3Ali%3Aactivity%3A7447360041055125504,"Simon, we are expecting delivery of his backup in a month :)"
2026-04-08 10:03:26,https://www.linkedin.com/feed/update/urn%3Ali%3Aactivity%3A7447360041055125504,"Oleksandr, he already starts to look for shortcuts ))"
2026-04-08 10:01:03,https://www.linkedin.com/feed/update/urn%3Ali%3Aactivity%3A7447360041055125504,"Donna, reading is already added for this sprint 😅 but playing will add next wek"
2026-03-15 10:37:34,https://www.linkedin.com/feed/update/urn%3Ali%3Aactivity%3A7438796368564932608,"When I lived in China, I paid 700 yuan for an annual gym membership (or about 8 bucks per month). Just to say that I recognise some of the numbers but some make no sense."
2026-03-13 16:16:29,https://www.linkedin.com/feed/update/urn%3Ali%3Aactivity%3A7438229359498375171,Bravo Thiago!
2026-03-12 08:23:12,https://www.linkedin.com/feed/update/urn%3Ali%3AugcPost%3A7437186390347530242,"That is a massive accomplishment! Well done, Alex and keep us posted on practical application of your knew knowledge and skills!"
2026-03-03 11:26:37,https://www.linkedin.com/feed/update/urn%3Ali%3AugcPost%3A7434553013375012864,Change is indeed hard to digest
2026-02-27 09:24:58,https://www.linkedin.com/feed/update/urn%3Ali%3Aactivity%3A7432903381603672065,New season of Simpsons
2026-02-26 18:31:41,https://www.linkedin.com/feed/update/urn%3Ali%3Aactivity%3A7432837677965611008,So what is it going to be?)
2026-02-26 18:29:18,https://www.linkedin.com/feed/update/urn%3Ali%3Aactivity%3A7432800291303030785,What a sweet post! Congratulations!
2026-02-24 19:32:12,https://www.linkedin.com/feed/update/urn%3Ali%3Aactivity%3A7386421114521927681,I finally finished it!
2026-02-24 19:31:23,https://www.linkedin.com/feed/update/urn%3Ali%3Aactivity%3A7421288582058807296,"Thank you, Glyn! It’s important to know what people who have a clue about a subject think about it."
2026-02-24 19:28:34,https://www.linkedin.com/feed/update/urn%3Ali%3Aactivity%3A7432111776894447617,"So happy for you, Emma!"
2026-02-21 20:15:20,https://www.linkedin.com/feed/update/urn%3Ali%3Aactivity%3A7430994375435812864,"Jyothi, thank you for your willingness to share the wisdom 🤜🤛"
2026-02-17 21:19:47,https://www.linkedin.com/feed/update/urn%3Ali%3AugcPost%3A7425513796074463232,You will find company appreciating your skills real soon! 🤜🤛
2026-02-17 21:18:05,https://www.linkedin.com/feed/update/urn%3Ali%3Aactivity%3A7429510704086282240,Thank you for the post. A gem 💎
2026-02-17 11:51:58,https://www.linkedin.com/feed/update/urn%3Ali%3Aactivity%3A7429466671498657793,That is a nice one!
2026-02-13 14:23:47,https://www.linkedin.com/feed/update/urn%3Ali%3AugcPost%3A7427757244298977281,"That’s a massive, without overstatement, accomplishment! Kudos 🤜🤛"
2026-02-13 14:18:03,https://www.linkedin.com/feed/update/urn%3Ali%3Aactivity%3A7428010036175659008,Дякую за список «прапорів»!
2026-02-12 06:59:28,https://www.linkedin.com/feed/update/urn%3Ali%3Aactivity%3A7427245036259557376,Oleksandr Shelegeda I was actually thinking of leveraging this trick myself
2026-02-11 15:38:30,https://www.linkedin.com/feed/update/urn%3Ali%3Aactivity%3A7427329243711430658,I am actually in progress of doing Your course on orchestration!)
2026-02-09 15:35:10,https://www.linkedin.com/feed/update/urn%3Ali%3Aactivity%3A7422537504140070912,"BL being SME sounds very Japanese, which is very different from European cultures though still not uncommon."
2026-02-07 09:56:22,https://www.linkedin.com/feed/update/urn%3Ali%3Aactivity%3A7423097824025808896,"That’s a big thing, Kuba, impressive accomplishment! 🇫🇷"
2026-02-02 14:02:44,https://www.linkedin.com/feed/update/urn%3Ali%3AugcPost%3A7424080468586889217,这是好消息。
2026-01-30 20:30:14,https://www.linkedin.com/feed/update/urn%3Ali%3AugcPost%3A7423096000027910145,Looking forward to hearing your experience as a manager!
2026-01-25 13:01:07,https://www.linkedin.com/feed/update/urn%3Ali%3Aactivity%3A7420088346175057922,"For such a “noble” cause, it would be a sin not to “defrost” the funds)"
2026-01-24 13:31:31,https://www.linkedin.com/feed/update/urn%3Ali%3Aactivity%3A7420600483070877696,Why does he have the same footprints like penguin 🐧?
2026-01-22 11:17:57,https://www.linkedin.com/feed/update/urn%3Ali%3Aactivity%3A7419829576035467265,Very accurate
2026-01-18 20:06:19,https://www.linkedin.com/feed/update/urn%3Ali%3Aactivity%3A7418650067705749504,"Sorry about that, Alena)"
2026-01-16 14:46:34,https://www.linkedin.com/feed/update/urn%3Ali%3AugcPost%3A7417524840305360896,"Ооо, дякую, дякую! 🤜🤛"
2026-01-15 19:36:08,https://www.linkedin.com/feed/update/urn%3Ali%3Aactivity%3A7417335019452436480,Are there any guidance for the funding source depending on nature of business?
2026-01-15 16:37:26,https://www.linkedin.com/feed/update/urn%3Ali%3Aactivity%3A7417325872300335105,"My wife asked me yesterday “why in Central Europe flor count starts with zero and in Eastern it starts with one?”, I could only guess that folks in CE have more programmer mindset 🤪"
2026-01-11 18:56:32,https://www.linkedin.com/feed/update/urn%3Ali%3Aactivity%3A7416171247669088257,It’s so closely describes what me and my family goes through. I hope you will make it through with as little damage as possible.
2026-01-11 08:56:41,https://www.linkedin.com/feed/update/urn%3Ali%3Aactivity%3A7415935995004502016,"Putting all your eggs in one basket is a good idea, said no one ever."
2026-01-10 18:43:12,https://www.linkedin.com/feed/update/urn%3Ali%3AugcPost%3A7415783718126092288,Congratulations! Was it worth it? What was the most inligheting and practical knowledge or skill you learnt?
2026-01-08 11:50:47,https://www.linkedin.com/feed/update/urn%3Ali%3Aactivity%3A7414456622699347970,In Poland housing market violates all of the economic laws. Fraction of annual salary in property price is shrinking faster than income rises.
2026-01-04 11:07:43,https://www.linkedin.com/feed/update/urn%3Ali%3Aactivity%3A7413255799428374528,"Thank you, Emma!"
2026-01-02 21:36:42,https://www.linkedin.com/feed/update/urn%3Ali%3Aactivity%3A7412779355656953856,True story (
2025-12-31 13:53:11,https://www.linkedin.com/feed/update/urn%3Ali%3Aactivity%3A7412118637882519553,Just wrote a post about my last year resolution :)
2025-12-22 13:49:41,https://www.linkedin.com/feed/update/urn%3Ali%3Aactivity%3A7408808222406455296,"Radosław, looking forward to your practial application stories!"
2025-12-20 12:13:31,https://www.linkedin.com/feed/update/urn%3Ali%3Aactivity%3A7407866201974153217,Cheers to that! ❤️
2025-12-18 14:16:36,https://www.linkedin.com/feed/update/urn%3Ali%3AugcPost%3A7407377721263247366,Interesting observation! Keep us updated!
2025-11-19 15:41:31,https://www.linkedin.com/feed/update/urn%3Ali%3Aactivity%3A7396785075000086529,Ralph Aboujaoude Diaz 😬
2025-11-13 13:11:16,https://www.linkedin.com/feed/update/urn%3Ali%3Aactivity%3A7394221760239271936,That’s a lot of years! 🏆
2025-10-30 18:14:37,https://www.linkedin.com/feed/update/urn%3Ali%3AugcPost%3A7389724673149739008,Good luck in your new challenge!
2025-10-21 11:58:13,https://www.linkedin.com/feed/update/urn%3Ali%3AugcPost%3A7386336239630700544,"These are great news, Taekyung! Looking forward to hearing about your cyber journey!"
2025-10-20 18:40:15,https://www.linkedin.com/feed/update/urn%3Ali%3Aactivity%3A7386096161876594688,Sad but true
2025-10-20 15:07:29,https://www.linkedin.com/feed/update/urn%3Ali%3Aactivity%3A7385902301930160128,Ralph Aboujaoude Diaz
2025-10-20 12:19:15,https://www.linkedin.com/feed/update/urn%3Ali%3Aactivity%3A7384182215443644416,Oleksandr Shelegeda I’m not buying this! But good try))
2025-10-17 09:01:05,https://www.linkedin.com/feed/update/urn%3Ali%3Aactivity%3A7384227048128471040,Oleksandr Shelegeda
2025-10-16 15:59:34,https://www.linkedin.com/feed/update/urn%3Ali%3Aactivity%3A7384575884088741889,Дякуємо!
2025-10-15 06:43:34,https://www.linkedin.com/feed/update/urn%3Ali%3Aactivity%3A7383976037304537088,Let me tell you about AI! 😅
2025-10-08 11:37:34,https://www.linkedin.com/feed/update/urn%3Ali%3Aactivity%3A7381386240987791360,“You are absolutely right!”
2025-10-06 08:14:11,https://www.linkedin.com/feed/update/urn%3Ali%3Aactivity%3A7380862470237720576,Sadly or shall we call it an opportunity?)
2025-10-06 06:22:43,https://www.linkedin.com/feed/update/urn%3Ali%3Aactivity%3A7379671535676153857,Sergei Dergach 👆
2025-10-05 11:48:25,https://www.linkedin.com/feed/update/urn%3Ali%3Aactivity%3A7378798321101930496,"Oleksandr, good try but I already found my few favorites"
2025-10-05 10:17:11,https://www.linkedin.com/feed/update/urn%3Ali%3Aactivity%3A7380148737400147968,What a vibe!
2025-10-01 08:08:21,https://www.linkedin.com/feed/update/urn%3Ali%3Aactivity%3A7378903510932795393,One - because small changes don’t need comprehensive plans and big changes can’t be handled simultaniously [effectively].
2025-09-30 20:01:35,https://www.linkedin.com/feed/update/urn%3Ali%3AugcPost%3A7378468731053654016,All clear that nothing is clear
2025-09-26 07:47:36,https://www.linkedin.com/feed/update/urn%3Ali%3Aactivity%3A7377243952753782784,"True story, Happy Friday!"
2025-09-25 09:21:51,https://www.linkedin.com/feed/update/urn%3Ali%3Aactivity%3A7376689746258939904,I had one of those!
2025-09-17 07:04:40,https://www.linkedin.com/feed/update/urn%3Ali%3Aactivity%3A7373826081159749632,"Wise words, thank you Steven!"
2025-09-17 07:01:59,https://www.linkedin.com/feed/update/urn%3Ali%3Aactivity%3A7373738430935031810,Ralph Aboujaoude Diaz 👆
2025-09-17 06:59:51,https://www.linkedin.com/feed/update/urn%3Ali%3AugcPost%3A7368276115582267393,Dawid! May LinkedIn gods bless your career with wise manager and rewarding challenges!
2025-09-16 14:36:10,https://www.linkedin.com/feed/update/urn%3Ali%3Aactivity%3A7371500227989635072,"Yasser, sorry you have to work in such a harsh and demanding environment"
2025-09-16 14:34:02,https://www.linkedin.com/feed/update/urn%3Ali%3Aactivity%3A7372276242722590720,"Thanks, Surendra!"
2025-09-15 17:03:54,https://www.linkedin.com/feed/update/urn%3Ali%3Aactivity%3A7366559405842001921,"You take no shortcuts, Neale! Awesome accomplishment!"
2025-09-15 14:12:15,https://www.linkedin.com/feed/update/urn%3Ali%3Aactivity%3A7365321300241711104,Oleksandr Shelegeda reminds me of “Learn English in just 30 days!”
2025-09-15 09:33:43,https://www.linkedin.com/feed/update/urn%3Ali%3Aactivity%3A7372932909491625984,"I tried to be that cheeky once or twice, never got a call back :)"
2025-09-12 14:49:04,https://www.linkedin.com/feed/update/urn%3Ali%3Aactivity%3A7366367638114983938,Darn close! ))
2025-09-12 13:05:40,https://www.linkedin.com/feed/update/urn%3Ali%3Aactivity%3A7372185010688139264,"Dr Merim is one of the best lecturers I met in my long academic career, glad that I had the privilege of being her student and I cherish our friendship."
2025-09-12 13:01:03,https://www.linkedin.com/feed/update/urn%3Ali%3AugcPost%3A7372233704653484032,I start to lose faith in it's ability to write on my behalf. Looks like a sabotage :)
2025-09-09 19:38:49,https://www.linkedin.com/feed/update/urn%3Ali%3Aactivity%3A7371201477467475968,"Scott, don’t forget to share the pictures! I am with you in spirit!"
2025-09-08 16:56:58,https://www.linkedin.com/feed/update/urn%3Ali%3Aactivity%3A7370858235593019392,"That’s a lot of hours, Mangkhaladath (Jumbo) Mahavuthivanij! 🏆"
2025-09-07 08:38:03,https://www.linkedin.com/feed/update/urn%3Ali%3Aactivity%3A7370111943342284800,"Ralph, that is not meme, that’s everyday corporate life"
2025-09-07 08:36:28,https://www.linkedin.com/feed/update/urn%3Ali%3Aactivity%3A7364320386726932480,Finally!
2025-09-05 19:21:05,https://www.linkedin.com/feed/update/urn%3Ali%3Aactivity%3A7363793285057761281,"100% true, problem is, you will never know what sort of “bird” your manager is till you spend some time with him/her"
2025-09-03 11:45:02,https://www.linkedin.com/feed/update/urn%3Ali%3Aactivity%3A7366356588271415296,Ralph Aboujaoude Diaz
2025-09-03 08:17:19,https://www.linkedin.com/feed/update/urn%3Ali%3AugcPost%3A7368630369698426884,"Leonidas, keep us posted on how it goes! Been a pleasure working with you!"
2025-08-30 11:19:48,https://www.linkedin.com/feed/update/urn%3Ali%3AugcPost%3A7366433161179803649,"Oleksandr Shelegeda: for product during project phase (before going live) - bug fix rate and defect density, on going live - feature usage, for service BAU - number of days without incidents, for product BAU - number of active users per month."
2025-08-24 13:23:39,https://www.linkedin.com/feed/update/urn%3Ali%3Aactivity%3A7364929446031585281,"Saurabh, thank you and I will check other books you authored!"
2025-08-22 13:46:21,https://www.linkedin.com/feed/update/urn%3Ali%3Aactivity%3A7364399212165316608,"Sean, it totally eradicates value certification supposed to provide. Very disappointing to see these but at the same time this is inevitable."
2025-08-17 11:18:45,https://www.linkedin.com/feed/update/urn%3Ali%3Aactivity%3A7362518044780195841,Wise words
2025-08-13 12:32:29,https://www.linkedin.com/feed/update/urn%3Ali%3AugcPost%3A7360986711427891201,That’s the spirit!
2025-08-08 14:37:07,https://www.linkedin.com/feed/update/urn%3Ali%3AugcPost%3A7359533961309495297,"Great news, Kiran!  I am looking forward to your posts on accomplishment and achievements in new role! 💙"
2025-08-08 14:34:08,https://www.linkedin.com/feed/update/urn%3Ali%3Aactivity%3A7359134416067031040,Ralph Aboujaoude Diaz 😁
2025-08-06 11:19:00,https://www.linkedin.com/feed/update/urn%3Ali%3AugcPost%3A7357817008912064512,"Thanks, Jane!"
2025-08-04 13:13:47,https://www.linkedin.com/feed/update/urn%3Ali%3Aactivity%3A7358098240136790016,"Sergei, I like the metaphor with poker ♣️"
2025-07-26 16:01:48,https://www.linkedin.com/feed/update/urn%3Ali%3Aactivity%3A7354807117721001985,"I love the metaphor, Emma!"
2025-07-15 12:43:31,https://www.linkedin.com/feed/update/urn%3Ali%3Aactivity%3A7350866597852364800,"That’s big, Oleksandr I know how hard it is so very happy for you! Perhaps you could start thinking of C1? 😎"
2025-07-12 16:08:26,https://www.linkedin.com/feed/update/urn%3Ali%3Aactivity%3A7349012629182451712,Oleksandr Shelegeda
2025-06-29 15:01:22,https://www.linkedin.com/feed/update/urn%3Ali%3AugcPost%3A7344702813903454208,This boy is crying in front of my school from which I graduated in 2000… may russians burn in he11
2025-06-20 17:54:35,https://www.linkedin.com/feed/update/urn%3Ali%3AugcPost%3A7335371961117663232,"Fantastic news, Claire!"
2025-06-16 10:12:47,https://www.linkedin.com/feed/update/urn%3Ali%3Aactivity%3A7340268144948670464,Valeriia Kiparenko💙💛
2025-06-16 09:52:51,https://www.linkedin.com/feed/update/urn%3Ali%3Aactivity%3A7340190973508927491,Ralph Aboujaoude Diaz ☝️
2025-06-10 12:20:21,https://www.linkedin.com/feed/update/urn%3Ali%3Aactivity%3A7338106635527086081,Wise words and bless you for your effort to fight this problem! ✊
2025-06-07 17:51:18,https://www.linkedin.com/feed/update/urn%3Ali%3Aactivity%3A7337165553951780864,what about smart plant?
2025-05-30 12:10:18,https://www.linkedin.com/feed/update/urn%3Ali%3Aactivity%3A7334175148335349779,"Congratulations, captain!"
2025-05-29 14:33:09,https://www.linkedin.com/feed/update/urn%3Ali%3AugcPost%3A7333583308355772419,"Fantastic news (surely for Moderna)! Looking forward to hear about your journey in new role, Ufuk!"
2025-05-28 08:31:43,https://www.linkedin.com/feed/update/urn%3Ali%3AugcPost%3A7333369330937581568,"Meghana, well done and looking forward to application of new skill in your daily activities!"
2025-05-27 14:41:24,https://www.linkedin.com/feed/update/urn%3Ali%3Aactivity%3A7332627741214756864,Josh Gardner Manager
2025-05-26 08:36:06,https://www.linkedin.com/feed/update/urn%3Ali%3Aactivity%3A7331537417755119617,"Optimistic, ETH :)"
2025-05-16 19:52:37,https://www.linkedin.com/feed/update/urn%3Ali%3Aactivity%3A7329165160206495745,I ask copilot but all it does adds “hope you are doing well” at the beginning.
2025-05-16 19:51:36,https://www.linkedin.com/feed/update/urn%3Ali%3Aactivity%3A7329165160206495745,I do it all the time)
2025-05-15 17:58:38,https://www.linkedin.com/feed/update/urn%3Ali%3Aactivity%3A7328834747390947328,"Thank you, my love ☺️"
2025-05-05 18:21:15,https://www.linkedin.com/feed/update/urn%3Ali%3Aactivity%3A7324535441532030977,"Darn, it’s thick! A lot of content to look forward to!!!"
2025-04-25 15:17:28,https://www.linkedin.com/feed/update/urn%3Ali%3Aactivity%3A7321547911681511424,That’s exactly how it looks like
2025-04-07 10:58:36,https://www.linkedin.com/feed/update/urn%3Ali%3Aactivity%3A7314243506703618049,"You are such a kind and considerate man, Chris!"
2025-04-05 16:06:33,https://www.linkedin.com/feed/update/urn%3Ali%3Aactivity%3A7313482251332153344,"Emma, it gives me hope in our transition quest but at the same time I came to realization how extremely complex the project is going to be."
2025-03-31 17:58:12,https://www.linkedin.com/feed/update/urn%3Ali%3Aactivity%3A7312475770298286080,"Damn, you are handsome! 😉"
2025-03-31 07:55:44,https://www.linkedin.com/feed/update/urn%3Ali%3Aactivity%3A7312374548761403392,"That’s a long journey, Paula, but sounds incredibly rich!"
2025-03-30 06:12:17,https://www.linkedin.com/feed/update/urn%3Ali%3Aactivity%3A7311812607286378496,I don’t know what you are talking about 😎
2025-03-27 11:26:18,https://www.linkedin.com/feed/update/urn%3Ali%3Aactivity%3A7310592393668390912,"Nat, you’d be surprised how deep those roots are🤫"
2025-03-26 07:15:35,https://www.linkedin.com/feed/update/urn%3Ali%3Aactivity%3A7310382942176919552,Sad but true
2025-03-23 14:12:16,https://www.linkedin.com/feed/update/urn%3Ali%3Aactivity%3A7309230950700257280,"Marko, thanks for sharing! 👍"
2025-03-22 15:32:24,https://www.linkedin.com/feed/update/urn%3Ali%3Aactivity%3A7309230950700257280,"Perhaps complexity of the AWS service is a side effect of its reliability, sort of necessary evil 😈 but I have faith in your ability to make it more “intuitive”."
2025-03-11 15:59:48,https://www.linkedin.com/feed/update/urn%3Ali%3Aactivity%3A7302448653724520451,Bruce M Van Horn II same
2025-03-11 13:09:33,https://www.linkedin.com/feed/update/urn%3Ali%3Aactivity%3A7302524662301736960,I used to work for Campari and had a hard time with FD so I found a job abroad which allowed me to resign in one day without notice period. The guy was pissed.
2025-03-04 14:26:31,https://www.linkedin.com/feed/update/urn%3Ali%3AugcPost%3A7302350187547500544,"Well done, big brother!"
2025-03-04 14:26:04,https://www.linkedin.com/feed/update/urn%3Ali%3AugcPost%3A7302279375817707520,"How was it? Hard, medium, easy?"
2025-02-13 19:47:25,https://www.linkedin.com/feed/update/urn%3Ali%3Aactivity%3A7295767608321077250,"Christopher, is there any documentation you can share?"
2025-02-11 13:10:48,https://www.linkedin.com/feed/update/urn%3Ali%3Aactivity%3A7295061939846594560,Powerful! She’s got some balls ⚽️ 🏀
2025-02-11 13:07:38,https://www.linkedin.com/feed/update/urn%3Ali%3AugcPost%3A7295040026843729920,I can only envy (in a very positive way) that R&D is getting such a dedicated leader on board.
2025-02-08 16:16:54,https://www.linkedin.com/feed/update/urn%3Ali%3AugcPost%3A7292080838094082048,"I am absolutely in love with this CV, absolutely amazing!!!"
2025-02-08 15:34:26,https://www.linkedin.com/feed/update/urn%3Ali%3Aactivity%3A7293992841528147968,"Ralph, trust but verify))"
2025-02-08 12:36:30,https://www.linkedin.com/feed/update/urn%3Ali%3AugcPost%3A7293566607316897792,"Wise words, it’s a shame so few are listening"
2025-02-02 14:02:33,https://www.linkedin.com/feed/update/urn%3Ali%3Aactivity%3A7290753714364014595,"Well done, Kiran, I find SAP training format old schoolish and hard to digest so seeing you making it, once again proves what taugh son of a gun you are 💪🏼"
2025-01-29 10:09:54,https://www.linkedin.com/feed/update/urn%3Ali%3Aactivity%3A7290282911423954945,"Bartosz, looking forward to paper version!"
2025-01-28 11:00:05,https://www.linkedin.com/feed/update/urn%3Ali%3Aactivity%3A7289710857322708992,oh no... anyway...
2025-01-28 10:58:36,https://www.linkedin.com/feed/update/urn%3Ali%3Aactivity%3A7287878851173449730,Ralph Aboujaoude Diaz
2025-01-26 09:25:10,https://www.linkedin.com/feed/update/urn%3Ali%3Aactivity%3A7288549554826698752,"Stuart, thank you for suggestion! I will definitely will give it a go! 🤜🤛"
2025-01-21 09:37:08,https://www.linkedin.com/feed/update/urn%3Ali%3Aactivity%3A7287384618415091712,My contributions so far this year ;)
2025-01-21 07:51:51,https://www.linkedin.com/feed/update/urn%3Ali%3AugcPost%3A7284774015439720453,Love it)))
2025-01-20 19:53:32,https://www.linkedin.com/feed/update/urn%3Ali%3Aactivity%3A7284336628976742400,"I wish I came across this posting back in 2007, when I was looking for a paralegal job in London 😅"
2025-01-03 14:20:41,https://www.linkedin.com/feed/update/urn%3Ali%3Aactivity%3A7272275502688546817,This should be nothing less than win-win partnership!
2025-01-01 15:56:05,https://www.linkedin.com/feed/update/urn%3Ali%3Aactivity%3A7280017283945566208,Krzysztof Chlebda ☝
2024-12-31 16:12:14,https://www.linkedin.com/feed/update/urn%3Ali%3Aactivity%3A7279887843722768385,"Thank you, Bret!"
2024-12-31 10:15:41,https://www.linkedin.com/feed/update/urn%3Ali%3Aactivity%3A7273441007763943424,"🤩 Karol, you are a true team player!"
2024-12-30 15:42:57,https://www.linkedin.com/feed/update/urn%3Ali%3Aactivity%3A7278614596939051008,"Xin Li, where could we see a better representation of the breakdown by country?"
2024-12-30 10:19:02,https://www.linkedin.com/feed/update/urn%3Ali%3Aactivity%3A7279418583527378944,"Ralph, I ordered 6 books from Amazon as a treat for this Christmas :)"
2024-12-27 11:30:48,https://www.linkedin.com/feed/update/urn%3Ali%3Aactivity%3A7278096444467666944,Congratulations! It’s a tough one!
2024-12-26 16:50:29,https://www.linkedin.com/feed/update/urn%3Ali%3AugcPost%3A7277797639717322752,Who could that be? 🤷🏻‍♂️
2024-12-22 21:54:02,https://www.linkedin.com/feed/update/urn%3Ali%3Aactivity%3A7276609904776232960,We need more courses like this one! 🤜🤛
2024-12-19 12:40:54,https://www.linkedin.com/feed/update/urn%3Ali%3AugcPost%3A7275460232577720320,I got shadow banned this year for the first time. Hold in there Marijn!
2024-12-10 13:38:12,https://www.linkedin.com/feed/update/urn%3Ali%3Aactivity%3A7272238898242576384,"DPD Polska Sp z o.o. just got delivered Christmas present 🎁 I ordered for my wife, and threw it over the fence like a sack of potatoes (the delivery guy has no issues with Google map but has some attitude issues)."
2024-12-08 16:29:04,https://www.linkedin.com/feed/update/urn%3Ali%3Aactivity%3A7271105189267316736,"Ralph! Man, you are exposing us!"
2024-12-08 16:07:01,https://www.linkedin.com/feed/update/urn%3Ali%3Aactivity%3A7271525346699599872,"share link to the retailer, please!"
2024-12-04 16:16:20,https://www.linkedin.com/feed/update/urn%3Ali%3Aactivity%3A7269365661598978053,Risky business))
2024-12-04 16:14:44,https://www.linkedin.com/feed/update/urn%3Ali%3Aactivity%3A7270021495236505603,🤦‍♂️ and how many still has not pleaded guilty
2024-12-04 07:45:30,https://www.linkedin.com/feed/update/urn%3Ali%3Aactivity%3A7269579215384018944,Wait for 45 sec advert to watch before entering the public rest room in no time
2024-12-04 07:43:27,https://www.linkedin.com/feed/update/urn%3Ali%3Aactivity%3A7267865068522852352,Andrea Melegaro 👆
2024-11-27 18:50:01,https://www.linkedin.com/feed/update/urn%3Ali%3Aactivity%3A7267552619299012610,Well done my man!
2024-11-27 18:22:40,https://www.linkedin.com/feed/update/urn%3Ali%3Aactivity%3A7264603170138411010,"Andrea Melegaro, Andrew Lacey. I am so happy we never point fingers."
2024-11-27 08:04:17,https://www.linkedin.com/feed/update/urn%3Ali%3Aactivity%3A7267248175881633793,Valeriia Kiparenko💙💛
2024-11-26 18:27:53,https://www.linkedin.com/feed/update/urn%3Ali%3AugcPost%3A7266766731904229378,"My man, go for it!"
2024-11-24 13:32:49,https://www.linkedin.com/feed/update/urn%3Ali%3Aactivity%3A7266338298044854272,"Sushanta, Ellisse, Jo, Meghana, and Lisa seeing you all at the latest call, gave me the feeling of presence in India. You guys nailed it!"
2024-11-22 13:46:28,https://www.linkedin.com/feed/update/urn%3Ali%3Aactivity%3A7264783968854495232,"Mariusz, more stores like this one 🤜🤛"
2024-11-22 13:41:48,https://www.linkedin.com/feed/update/urn%3Ali%3Aactivity%3A7264652432469594112,Ralph Aboujaoude Diaz 👆
2024-11-17 15:29:05,https://www.linkedin.com/feed/update/urn%3Ali%3AugcPost%3A7263570625397432320,We all got disappointed 😞
2024-11-14 15:27:57,https://www.linkedin.com/feed/update/urn%3Ali%3Aactivity%3A7262499400269115396,"Let's give it a try, I am in :)"
2024-11-02 19:03:52,https://www.linkedin.com/feed/update/urn%3Ali%3Aactivity%3A7258468515131576320,You put it very nicely
2024-10-29 18:35:39,https://www.linkedin.com/feed/update/urn%3Ali%3AugcPost%3A7256315335853686784,Precisely the reason why I took it 🫡
2024-10-29 18:34:21,https://www.linkedin.com/feed/update/urn%3Ali%3Aactivity%3A7257046364218355713,Exactly how resistors are read! 👍
2024-10-24 08:35:24,https://www.linkedin.com/feed/update/urn%3Ali%3Aactivity%3A7253408958164406272,"Man, don’t put me in the spotlight of our compliance, they might not have sense of humor) and the answer is no, you can’t send any invoices! 😎"
2024-10-23 12:27:23,https://www.linkedin.com/feed/update/urn%3Ali%3AugcPost%3A7254716280132268032,"Meghana, we are equally excited to have you on Board! 🌷"
2024-10-17 14:04:57,https://www.linkedin.com/feed/update/urn%3Ali%3Aactivity%3A7250835287054925824,"Satya, true story!"
2024-10-16 17:28:29,https://www.linkedin.com/feed/update/urn%3Ali%3Aactivity%3A7252309847210090496,"Ohhhh, that’s mean 😭"
2024-10-14 17:40:09,https://www.linkedin.com/feed/update/urn%3Ali%3Aactivity%3A7249787514863968256,"Speaking up will make you run eventually. I know, I did."
2024-10-14 17:36:47,https://www.linkedin.com/feed/update/urn%3Ali%3Aactivity%3A7251589335131525122,"I got a thing about eye contact, people think I am staring at them…. I do…"
2024-10-14 16:47:31,https://www.linkedin.com/feed/update/urn%3Ali%3Aactivity%3A7248852676103307264,Precisely the reason 😅
2024-10-04 12:06:19,https://www.linkedin.com/feed/update/urn%3Ali%3Aactivity%3A7247938732077584384,"Looks like the Poland office got all the good ideas this week, Brian! Looking forward to hearing the highlights!"
2024-10-04 11:55:22,https://www.linkedin.com/feed/update/urn%3Ali%3Aactivity%3A7245528116503134219,Valeriia Kiparenko💙💛
2024-10-04 05:57:42,https://www.linkedin.com/feed/update/urn%3Ali%3Aactivity%3A7247807066029891584,"Plain and simple, love it!"
2024-10-02 12:49:51,https://www.linkedin.com/feed/update/urn%3Ali%3Aactivity%3A7247180165120749568,"Oleksandr, what is your greatest take away from this training?"
2024-09-30 16:48:38,https://www.linkedin.com/feed/update/urn%3Ali%3AugcPost%3A7246528512520531968,"Kostia, thanks for sharing!"
2024-09-29 15:05:12,https://www.linkedin.com/feed/update/urn%3Ali%3Aactivity%3A7245426288298016770,I just learnt that it takes 3 cubic meters of firewood 🪵 to keep the fire burning in my fireplace through the winter ❄️
2024-09-25 19:46:07,https://www.linkedin.com/feed/update/urn%3Ali%3Aactivity%3A7244785222800560128,"If questions facing negative reaction, engineer better update his CV. Engineer is not going to change mentality of someone who has short fuse."
2024-09-25 17:45:40,https://www.linkedin.com/feed/update/urn%3Ali%3Aactivity%3A7244603842867134464,"Stuart, I think candidate can be rejected on the basis of age as well as gender if the job is something like “male actor under 2 years of age, to play a role in tv commercial to advertise baby diapers” but this is surely not the case for ANY corporate job."
2024-09-25 10:32:13,https://www.linkedin.com/feed/update/urn%3Ali%3Aactivity%3A7244625858508857345,"Stuart, can’t agree more"
2024-09-24 12:01:39,https://www.linkedin.com/feed/update/urn%3Ali%3Aactivity%3A7241346305044701185,Alive and not even planning its retirement by the sea )
2024-09-24 11:55:51,https://www.linkedin.com/feed/update/urn%3Ali%3Aactivity%3A7241346305044701185,Thank you very much for sharing!
2024-09-24 11:09:57,https://www.linkedin.com/feed/update/urn%3Ali%3Aactivity%3A7244006054542336002,I hope I die by the time my son start speaking like that
2024-09-19 18:12:17,https://www.linkedin.com/feed/update/urn%3Ali%3Aactivity%3A7242060392351383553,Thanks Jo!
2024-09-19 12:31:04,https://www.linkedin.com/feed/update/urn%3Ali%3Aactivity%3A7242060392351383553,"Thank you, Emma!"
2024-09-18 12:53:37,https://www.linkedin.com/feed/update/urn%3Ali%3Aactivity%3A7242060392351383553,"Thanks, Alena! All valid points, noted down ✏️"
2024-09-11 06:48:38,https://www.linkedin.com/feed/update/urn%3Ali%3Aactivity%3A7239470826545192960,"Thanks for sharing, Emma, it was a good read!"
2024-09-09 13:54:52,https://www.linkedin.com/feed/update/urn%3Ali%3AugcPost%3A7238886389277184001,32?! I wouldn’t have got out even if you had paid me)
2024-09-06 09:50:40,https://www.linkedin.com/feed/update/urn%3Ali%3Aactivity%3A7237757949807329281,I just got sucked in another project. Vacations are for weak 😅
2024-09-04 11:56:26,https://www.linkedin.com/feed/update/urn%3Ali%3AugcPost%3A7236270724154331136,May the force be with you
2024-09-03 10:37:14,https://www.linkedin.com/feed/update/urn%3Ali%3Aactivity%3A7236313973724250112,"I remember the time when I was applying for jobs after finishing studies and was \"too young\". I am approaching \"late career\" (as per indeed), so about to become \"too old\". Damn, that \"perfect\" window is too narrow."
2024-08-30 06:03:11,https://www.linkedin.com/feed/update/urn%3Ali%3Aactivity%3A7234073412887797760,You can imagine the rate in corporations.
2024-08-29 12:10:02,https://www.linkedin.com/feed/update/urn%3Ali%3AgroupPost%3A81780-7234869812441624578,How did you know?)
2024-08-22 14:42:12,https://www.linkedin.com/feed/update/urn%3Ali%3AugcPost%3A7232105973924937729,Well done!
2024-08-07 19:01:09,https://www.linkedin.com/feed/update/urn%3Ali%3Aactivity%3A7226992727064772608,Andrea Melegaro
2024-08-06 05:24:13,https://www.linkedin.com/feed/update/urn%3Ali%3AugcPost%3A7226441879737810946,"It would have been surprising, but it isn’t"
2024-08-06 05:21:30,https://www.linkedin.com/feed/update/urn%3Ali%3Aactivity%3A7226293611405955072,Lorenzo Cannone 😁
2024-08-02 11:15:15,https://www.linkedin.com/feed/update/urn%3Ali%3Aactivity%3A7225027959319928832,"Stuart, nicely summarized cause and a effect of tax policies 🤜🤛"
2024-08-02 00:13:56,https://www.linkedin.com/feed/update/urn%3Ali%3Aactivity%3A7224375342998732800,"Oleksandr, fiber is good for your digestive system 🙃"
2024-07-26 05:53:23,https://www.linkedin.com/feed/update/urn%3Ali%3Aactivity%3A7221377938988896256,On my first resume I put my debit card details 😅
2024-07-25 08:12:19,https://www.linkedin.com/feed/update/urn%3Ali%3Aactivity%3A7222050985710379008,M - stands for consistency
2024-07-22 18:33:26,https://www.linkedin.com/feed/update/urn%3Ali%3Aactivity%3A7221046356797251584,"Thank you, Stuart, you are absolutely right and having right people around you, who could guide and point you in the right direction, are a spare set of keys 🔑!"
2024-07-21 14:53:57,https://www.linkedin.com/feed/update/urn%3Ali%3Aactivity%3A7218498281406955520,"Jo, when people ask me why I exercise, I tell them I want to look good in the casket!"
2024-07-21 12:33:19,https://www.linkedin.com/feed/update/urn%3Ali%3Aactivity%3A7220710392002412544,I once used I-drill to revenge on my noisy neighbors
2024-07-16 14:23:29,https://www.linkedin.com/feed/update/urn%3Ali%3Aactivity%3A7218869028130287616,"Jeremy, maybe they are EU members under cover 😅 check out what I found 👇"
2024-07-16 14:19:41,https://www.linkedin.com/feed/update/urn%3Ali%3Aactivity%3A7218869028130287616,"Jeremy, good example, I left at exactly the same age 🤝. Shame the UK is not included in the ranking (it’s EU focused 😕)"
2024-07-07 13:29:47,https://www.linkedin.com/feed/update/urn%3Ali%3Aactivity%3A7212154329602945024,"Stanislau, you just didn’t come to realization yet that they are relevant (maybe MS knows more about us than we do about ourselves 😅)"
2024-06-29 16:46:34,https://www.linkedin.com/feed/update/urn%3Ali%3Aactivity%3A7212767905833213952,Perhaps they will order pizza for all government staff as a result
2024-06-26 13:25:49,https://www.linkedin.com/feed/update/urn%3Ali%3Aactivity%3A7211699871743971328,"Nat, till the moment you realize that you will regret your action, that probably means that you are sober from emotions"
2024-06-20 05:40:47,https://www.linkedin.com/feed/update/urn%3Ali%3AugcPost%3A7209186005180891136,"Back in 2007-2011 I studied in London. I recall all sort of candidate qualities which made men of color, immigrants, students, male, female, too old, too young not qualified for the job. It was a main reason why I left, as a fresh graduate immigrant, I simply couldn’t find a job :/"
2024-06-18 18:04:42,https://www.linkedin.com/feed/update/urn%3Ali%3Aactivity%3A7208481176926273536,"Yuliya, I’d say that the degree of details you are expected to be comfortable with is higher than I expected. In other terms, you can’t afford to be generalist anymore :/"
2024-06-18 17:31:16,https://www.linkedin.com/feed/update/urn%3Ali%3Aactivity%3A7208857211484229632,Looking forward to more tips!
2024-06-07 17:29:01,https://www.linkedin.com/feed/update/urn%3Ali%3AugcPost%3A7204859060226011139,"Rowena, I remember our first team call in 2021, GSK is lucky to have leaders like you, who are people oriented"
2024-06-07 17:21:08,https://www.linkedin.com/feed/update/urn%3Ali%3Aactivity%3A7204794680511762433,Inspiring example!
2024-06-07 17:18:12,https://www.linkedin.com/feed/update/urn%3Ali%3AugcPost%3A7204784749247127552,Number 8 in Chinese culture is a number associated with prosperity and wealth!
2024-06-07 08:55:59,https://www.linkedin.com/feed/update/urn%3Ali%3Aactivity%3A7204147996622544896,"Oliver, scary thing how time flies )"
2024-05-28 19:43:17,https://www.linkedin.com/feed/update/urn%3Ali%3Aactivity%3A7201305404272709632,Було б прикольно почитати про практичний досвід коли такі NDA були використані для захисту компанії
2024-05-28 13:27:07,https://www.linkedin.com/feed/update/urn%3Ali%3Aactivity%3A7200840593923592192,What a relief 😅
2024-05-28 11:40:16,https://www.linkedin.com/feed/update/urn%3Ali%3Aactivity%3A7201170701649661952,"Ufuk, doesn’t share skills for free every day so Karol, you are lucky!"
2024-05-23 14:22:40,https://www.linkedin.com/feed/update/urn%3Ali%3Aactivity%3A7199331570413907968,"Oleksandr, it surely moves toward it!"
2024-05-22 13:39:23,https://www.linkedin.com/feed/update/urn%3Ali%3Aactivity%3A7198616050022682624,"Привіт Станіслав, мене звати Микола і я теж алкоголік. Я продукт менеджер і потрапив ІТ тому що думав що штучка інтелект забере мою роботу в фінансах. Мені подобається грузити бізнес технічною термінологію і відчувати що я розумний на їх фоні. 🤓"
2024-05-20 12:45:16,https://www.linkedin.com/feed/update/urn%3Ali%3AugcPost%3A7198207711312777216,"I am not an analyst but I found it useful, it is nicely structured book 📕"
2024-05-20 05:56:47,https://www.linkedin.com/feed/update/urn%3Ali%3Aactivity%3A7197739601673777152,Це не пан Стерненко у нього за спиною?)
2024-05-17 20:28:25,https://www.linkedin.com/feed/update/urn%3Ali%3Aactivity%3A7196919995027619840,"Oliver, how awkward will it if I ask you to show your boots at our next 1:1?)"
2024-05-15 13:11:28,https://www.linkedin.com/feed/update/urn%3Ali%3Aactivity%3A7196443181498961920,"Oleksandr, there are 12 courses on Alteryx on Pluralsight and 5  on DataCamp. It tells me something about tool and it’s current application."
2024-05-08 19:25:32,https://www.linkedin.com/feed/update/urn%3Ali%3Aactivity%3A7193957283754586112,Parool Mistry didn’t know you play trumpet 🎺😅
2024-05-08 17:03:23,https://www.linkedin.com/feed/update/urn%3Ali%3AugcPost%3A7193987156216819712,"Serhii, how was it?"
2024-05-07 10:57:48,https://www.linkedin.com/feed/update/urn%3Ali%3Aactivity%3A7193562972282114049,"April was spent in the company of DataCamp and Databricks, around ML subject."
2024-05-07 10:54:07,https://www.linkedin.com/feed/update/urn%3Ali%3Aactivity%3A7193562972282114049,Looking forward to your posts! 💪
2024-05-02 17:43:20,https://www.linkedin.com/feed/update/urn%3Ali%3Aactivity%3A7191854029235175424,"Ralph, can you come up with something around whiskey 🥃, please?"
2024-04-19 08:12:03,https://www.linkedin.com/feed/update/urn%3Ali%3AugcPost%3A7186737988544958464,"Oleksandr, don’t get me wrong, I am a big fan of internal trainings too, and I often use free online resources but I am just curious what companies offer rather than what tool employees eventually prefer or comfortable with."
2024-04-12 11:01:00,https://www.linkedin.com/feed/update/urn%3Ali%3Aactivity%3A7184475356794347520,"Bret, your patience is equally appreciated! 😊"
2024-04-09 10:24:29,https://www.linkedin.com/feed/update/urn%3Ali%3Aactivity%3A7183404633954922496,Lorenzo Cannone ^
2024-04-01 12:34:40,https://www.linkedin.com/feed/update/urn%3Ali%3Aactivity%3A7180439368195526656,When my son has a day nap so I can spend an hour or two coding.
2024-03-28 11:54:29,https://www.linkedin.com/feed/update/urn%3Ali%3Aactivity%3A7179079032297148416,"Louis, I just read this morning about DBRX, you guys rock! Absolutelly mind blowing achievement!"
2024-03-27 20:14:39,https://www.linkedin.com/feed/update/urn%3Ali%3Aactivity%3A7178833341050175488,"Slawomir, how long did it take you to complete it?"
2024-03-24 08:34:44,https://www.linkedin.com/feed/update/urn%3Ali%3Aactivity%3A7175899172217229313,Oleksandr Shelegeda ☝️
2024-03-22 20:10:31,https://www.linkedin.com/feed/update/urn%3Ali%3AugcPost%3A7176942843729453056,"Togetherness, nice word"
2024-03-21 08:15:42,https://www.linkedin.com/feed/update/urn%3Ali%3Aactivity%3A7176303096149491713,"That’s a big thing, glad that both of your sets of skills are being recognised! Well done, Michał!"
2024-03-20 12:36:08,https://www.linkedin.com/feed/update/urn%3Ali%3Aactivity%3A7175855322870276097,Julia Tymoshenko 🇺🇦 🫂
2024-03-20 12:32:07,https://www.linkedin.com/feed/update/urn%3Ali%3AugcPost%3A7176176579213987840,"Alicja, fantastic news! 🤜🤛"
2024-03-19 08:33:09,https://www.linkedin.com/feed/update/urn%3Ali%3Aactivity%3A7175769150936543232,Krzysztof. well done and glad we have you to handle those controls!
2024-03-15 15:04:22,https://www.linkedin.com/feed/update/urn%3Ali%3Aactivity%3A7174381336642678785,Ralph Aboujaoude Diaz ☝️
2024-03-14 16:24:11,https://www.linkedin.com/feed/update/urn%3Ali%3Aactivity%3A7173795191869353984,"Nikola, I didn’t doubt it a second that you would pass it!"
2024-03-13 20:20:42,https://www.linkedin.com/feed/update/urn%3Ali%3AugcPost%3A7173710552014209024,"Jarek, embrace it 🦾"
2024-03-12 21:01:02,https://www.linkedin.com/feed/update/urn%3Ali%3AugcPost%3A7173404087407915008,Велика подяка
2024-03-09 10:07:13,https://www.linkedin.com/feed/update/urn%3Ali%3Aactivity%3A7172125628232626176,Wise words
2024-03-07 15:05:55,https://www.linkedin.com/feed/update/urn%3Ali%3Aactivity%3A7171489081506402304,"Thanks for sharing, Stuart!"
2024-03-04 08:46:31,https://www.linkedin.com/feed/update/urn%3Ali%3Aactivity%3A7166387710134325248,"Emma,always impressive to see someone who's already great at it keep learning and growing!"
2024-03-01 18:06:26,https://www.linkedin.com/feed/update/urn%3Ali%3Aactivity%3A7169345524452450305,Looking forward to coverage!
2024-03-01 17:59:20,https://www.linkedin.com/feed/update/urn%3Ali%3AugcPost%3A7169375031112773632,"Roselyne, I heard this week from a number of people that they were inspired and motivated by your and Jag’s visit 🫶"
2024-03-01 17:55:55,https://www.linkedin.com/feed/update/urn%3Ali%3AugcPost%3A7169381639750406145,"Dorian, all the best in your new role!"
2024-03-01 06:37:33,https://www.linkedin.com/feed/update/urn%3Ali%3AugcPost%3A7169195840740282368,Need to add 300 to my learning plan)
2024-03-01 06:36:20,https://www.linkedin.com/feed/update/urn%3Ali%3AugcPost%3A7169217019303641088,Congratulations Piotr 🤝
2024-02-29 14:46:13,https://www.linkedin.com/feed/update/urn%3Ali%3Aactivity%3A7165987574732255235,"Krzysztof, congratulations! Share your experience, how long did it take you to prepare for the exam, how did you do it etc. share your knowledge, it is priceless!"
2024-02-27 07:33:56,https://www.linkedin.com/feed/update/urn%3Ali%3Aactivity%3A7167959295932678144,All those are often present in the office
2024-02-24 08:29:59,https://www.linkedin.com/feed/update/urn%3Ali%3Aactivity%3A7165736210206859265,Very well written article 🫶
2024-02-22 13:56:02,https://www.linkedin.com/feed/update/urn%3Ali%3Aactivity%3A7166083305476419585,"Jackie, the choice of words is interesting, maybe because 50 is a new 20 (you eager to work but nobody hires you) but you are right, corporate Procrustean bed will hurt not only labour force but also organisations."
2024-02-16 09:32:22,https://www.linkedin.com/feed/update/urn%3Ali%3Aactivity%3A7163894739950415873,"Jo Taylor, I would have never made a parallel between these two but, blimey, they are similar 😅"
2024-02-05 08:37:04,https://www.linkedin.com/feed/update/urn%3Ali%3Aactivity%3A7159498909436764161,"Well, Konan is not taking any advice from his old man so he is developing his own way around life ;)"
2024-01-31 15:10:51,https://www.linkedin.com/feed/update/urn%3Ali%3AugcPost%3A7158426368802729985,Supportive
2024-01-31 09:25:49,https://www.linkedin.com/feed/update/urn%3Ali%3Aactivity%3A7158123008878899202,I better start watching my back!
2024-01-31 09:11:56,https://www.linkedin.com/feed/update/urn%3Ali%3Aactivity%3A7158126607621099520,See you in a sprint review! 😁
2024-01-30 13:17:57,https://www.linkedin.com/feed/update/urn%3Ali%3Aactivity%3A7158055704652656640,"Good point, thank you for sharing!"
2024-01-27 07:49:15,https://www.linkedin.com/feed/update/urn%3Ali%3Aactivity%3A7155571982808363011,100%
2024-01-23 18:07:12,https://www.linkedin.com/feed/update/urn%3Ali%3Aactivity%3A7155618087822671872,This is literally me and it’s exhaustive to have this type of sleeping pattern ((
2024-01-17 13:24:32,https://www.linkedin.com/feed/update/urn%3Ali%3Aactivity%3A7153128818369605632,Julia Tymoshenko🇺🇦 trying to keep up with you))
2024-01-16 21:04:19,https://www.linkedin.com/feed/update/urn%3Ali%3Aactivity%3A7153008021818818560,"Thanks, Jackie! I have great expectations from 2024!)"
2024-01-16 20:53:51,https://www.linkedin.com/feed/update/urn%3Ali%3Aactivity%3A7153061997167681536,"Fantastic accomplishment, Julia! What one takeaway from this course would you share with your LinkedIn followers?"
2024-01-13 12:33:56,https://www.linkedin.com/feed/update/urn%3Ali%3Aactivity%3A7151274541439217664,"Fantastic accomplishment, congratulations Jyothi! What one thing from this course would you share with your LinkedIn followers?"
2024-01-09 12:47:31,https://www.linkedin.com/feed/update/urn%3Ali%3AugcPost%3A7150133972356714496,You guys are awesome!
2023-12-28 11:17:10,https://www.linkedin.com/feed/update/urn%3Ali%3Aactivity%3A7146081844726317057,"Congratulations, what a dedicated student!"
2023-12-21 14:59:09,https://www.linkedin.com/feed/update/urn%3Ali%3Aactivity%3A7143182873251024896,"Thank you, Stuart, and you are absolutely right! To complain about how my company treating me, would be testing limits of my blessing 🍀"
2023-12-20 11:35:22,https://www.linkedin.com/feed/update/urn%3Ali%3Aactivity%3A7143182873251024896,"Thank you, my dear Emma! 🫂"
2023-12-19 18:35:31,https://www.linkedin.com/feed/update/urn%3Ali%3Aactivity%3A7142485758111653888,"Ma man, it’s good to feel appreciated but don’t let this slow you down, keep driving the culture!"
2023-12-16 14:02:20,https://www.linkedin.com/feed/update/urn%3Ali%3Aactivity%3A7141754081324310528,So learners are victims of their own knowledge?
2023-12-05 20:25:53,https://www.linkedin.com/feed/update/urn%3Ali%3Aactivity%3A7137787751365591040,Oleksandr Shelegeda Bottle of Prosecco would do good
2023-12-05 07:24:43,https://www.linkedin.com/feed/update/urn%3Ali%3Aactivity%3A7137463931790385153,Unstoppable!
2023-12-04 20:25:03,https://www.linkedin.com/feed/update/urn%3Ali%3AugcPost%3A7137531220204113920,Didn’t know that couches take couches lesssons?! Remarkable!
2023-11-29 17:51:15,https://www.linkedin.com/feed/update/urn%3Ali%3Aactivity%3A7135620926737444865,"Juan Luis Cano Rodríguez haha, good point"
2023-11-29 17:49:23,https://www.linkedin.com/feed/update/urn%3Ali%3Aactivity%3A7135640028344430595,How did it go? )
2023-11-29 07:27:20,https://www.linkedin.com/feed/update/urn%3Ali%3Aactivity%3A7134966861615505409,Saul Saldivar 👆
2023-11-29 07:25:00,https://www.linkedin.com/feed/update/urn%3Ali%3Aactivity%3A7135448199498018816,"Niel, spreading the opportunities, what a great thing you do!"
2023-11-23 14:44:34,https://www.linkedin.com/feed/update/urn%3Ali%3Aactivity%3A7133454498416447488,"Volker, it’s obvious you know INs and OUTs  of your subject, we need more organized speakers like you. Looking forward to seeing you in other events!"
2023-11-23 09:57:33,https://www.linkedin.com/feed/update/urn%3Ali%3Aactivity%3A7133376321069473792,"Just finished watching, that speech rocks! 🤘"
2023-11-23 08:28:45,https://www.linkedin.com/feed/update/urn%3Ali%3Aactivity%3A7133361689562914816,Already watching Nicola sharing the wisdom!
2023-11-22 11:14:22,https://www.linkedin.com/feed/update/urn%3Ali%3AugcPost%3A7133005684886941696,"Fantastic news, congratulations!"
2023-11-20 15:16:57,https://www.linkedin.com/feed/update/urn%3Ali%3Aactivity%3A7132357969584787456,Looking forward to reading how this book writing journey is going!
2023-11-20 06:40:39,https://www.linkedin.com/feed/update/urn%3Ali%3AugcPost%3A7132076528464478208,"Jeremy, what is going to be the next event you will attend?"
2023-11-20 06:39:19,https://www.linkedin.com/feed/update/urn%3Ali%3AugcPost%3A7132076528464478208,Oleksandr Shelegeda
2023-11-17 13:54:54,https://www.linkedin.com/feed/update/urn%3Ali%3Aactivity%3A7131278020635439104,"Oleksandr Shelegeda, do you already have a list of speakers you plan to listen to❓"
2023-11-17 07:09:29,https://www.linkedin.com/feed/update/urn%3Ali%3Aactivity%3A7130899975776940032,"Federico, call me paranoid but in the light of the recent events, I feel reluctant to believe that electricity will be always available 🤦‍♂️"
2023-11-17 07:00:19,https://www.linkedin.com/feed/update/urn%3Ali%3Aactivity%3A7131169821257289730,Thanks for sharing!
2023-11-15 17:18:10,https://www.linkedin.com/feed/update/urn%3Ali%3Aactivity%3A7130553332980432896,"Oleksandr, tickets are bought, lodging is booked, so fully loaded!"
2023-11-10 14:06:42,https://www.linkedin.com/feed/update/urn%3Ali%3Aactivity%3A7128710599802261504,Can’t agree more
2023-11-09 13:49:31,https://www.linkedin.com/feed/update/urn%3Ali%3Aactivity%3A7128318504121810944,"Stuart, glad you liked it. I was a bit irritated when I was dragging a browser between screens and the whole history was gone so had to redo few modules but content wise it was nicely organized :)"
2023-11-02 09:23:45,https://www.linkedin.com/feed/update/urn%3Ali%3Aactivity%3A7125738700923092992,Ralph Aboujaoude Diaz ☝️
2023-11-02 08:34:17,https://www.linkedin.com/feed/update/urn%3Ali%3Aactivity%3A7125646312770822144,"Thank you Steve, I am a few types myself( will be working on it"
2023-10-27 18:17:26,https://www.linkedin.com/feed/update/urn%3Ali%3Aactivity%3A7123680495803973634,"What a fantastic article, Louis, thank you for sharing! Like the part about comfort zone!"
2023-10-27 18:13:27,https://www.linkedin.com/feed/update/urn%3Ali%3AugcPost%3A7123664416490876928,Looking forward to watching your career progressing further!
2023-10-27 09:35:15,https://www.linkedin.com/feed/update/urn%3Ali%3Aactivity%3A7120411985589977089,"Bartosz, dziękuje! 🤜🤛"
2023-10-26 08:31:27,https://www.linkedin.com/feed/update/urn%3Ali%3AugcPost%3A7122601769385287680,Absolutely love IT! 🏆
2023-10-20 18:28:24,https://www.linkedin.com/feed/update/urn%3Ali%3Aactivity%3A7121183179390001152,"Louis, here, here!"
2023-10-18 17:37:10,https://www.linkedin.com/feed/update/urn%3Ali%3Aactivity%3A7120411985589977089,"Wojciech Król, jakieś podróży trwają jakiś czas 😅"
2023-10-18 17:35:57,https://www.linkedin.com/feed/update/urn%3Ali%3Aactivity%3A7120411985589977089,Oleksandr Shelegeda thanks bro!
2023-10-18 17:35:06,https://www.linkedin.com/feed/update/urn%3Ali%3Aactivity%3A7120441327565058048,Nailed it
2023-10-16 12:46:05,https://www.linkedin.com/feed/update/urn%3Ali%3AugcPost%3A7118400830138941441,"Steven, you never stop inspiring me, thank you!"
2023-10-12 13:15:48,https://www.linkedin.com/feed/update/urn%3Ali%3AugcPost%3A7118221164639911936,"Krzysztof Chlebda, right bud?"
2023-10-06 19:19:45,https://www.linkedin.com/feed/update/urn%3Ali%3Aactivity%3A7116100161491087360,Good decision! Enjoy the adventure!
2023-10-05 16:10:35,https://www.linkedin.com/feed/update/urn%3Ali%3Aactivity%3A7115716331072569345,"Nowadays you gotta start early, there will be Python courses for toddlers real soon, I am telling you! :)"
2023-10-05 15:51:17,https://www.linkedin.com/feed/update/urn%3Ali%3Aactivity%3A7115716331072569345,Basker Alkarsami so I could retire before I turn 50? Niiiiice!))
2023-10-05 15:44:42,https://www.linkedin.com/feed/update/urn%3Ali%3Aactivity%3A7105837183256735745,"Sebastian, thank you, Sir! People who are good at something and wiling to share the wisdom is a rare breed!"
2023-10-04 07:42:48,https://www.linkedin.com/feed/update/urn%3Ali%3AugcPost%3A7115044193244250114,"All the best in your new role, big brother! 🤜🤛"
2023-08-30 07:09:53,https://www.linkedin.com/feed/update/urn%3Ali%3AugcPost%3A7102307584329543682,Sounds like a lot of fun!
2023-08-14 09:29:42,https://www.linkedin.com/feed/update/urn%3Ali%3Aactivity%3A7093567156637818880,Ralph Aboujaoude Diaz
2023-08-08 08:10:54,https://www.linkedin.com/feed/update/urn%3Ali%3Aactivity%3A7094099457083912192,Affirmative
2023-08-08 08:10:13,https://www.linkedin.com/feed/update/urn%3Ali%3Aactivity%3A7094099457083912192,My first kiss was great)
2023-08-05 17:54:30,https://www.linkedin.com/feed/update/urn%3Ali%3Aactivity%3A7093598357352271872,"Even my dad, who is 60+, caught ChatGPT lying 🤥"
2023-08-04 17:03:52,https://www.linkedin.com/feed/update/urn%3Ali%3Aactivity%3A7092781712287383552,Jo Taylor 28.18% 👍
2023-08-03 17:40:09,https://www.linkedin.com/feed/update/urn%3Ali%3Aactivity%3A7092483941718216704,66k?! Gerrara here!
2023-08-03 17:39:09,https://www.linkedin.com/feed/update/urn%3Ali%3Aactivity%3A7092483941718216704,"Ralph, you are awesome! More content! 😁"
2023-08-01 07:08:27,https://www.linkedin.com/feed/update/urn%3Ali%3Aactivity%3A7091572297643266048,You guys look awesome!
2023-07-27 15:27:17,https://www.linkedin.com/feed/update/urn%3Ali%3Aactivity%3A7090327302324047872,Congratulations Sushanta!
2023-07-26 15:00:29,https://www.linkedin.com/feed/update/urn%3Ali%3Aactivity%3A7089946749099814912,Thanks for sharing Piotr!
2023-07-26 07:25:20,https://www.linkedin.com/feed/update/urn%3Ali%3Aactivity%3A7089628982660210688,""
2023-07-24 08:07:33,https://www.linkedin.com/feed/update/urn%3Ali%3Aactivity%3A7088879516797812736,"Well done, best of luck in your career!"
2023-07-24 08:05:55,https://www.linkedin.com/feed/update/urn%3Ali%3Aactivity%3A7087819308357029888,Unstoppable! :)
2023-07-19 08:38:43,https://www.linkedin.com/feed/update/urn%3Ali%3Aactivity%3A7087342778401050624,Don’t deprive your kids of childhood
2023-07-13 07:29:38,https://www.linkedin.com/feed/update/urn%3Ali%3Aactivity%3A7084925206976237568,"David, you nailed it!"
2023-07-12 06:46:32,https://www.linkedin.com/feed/update/urn%3Ali%3Aactivity%3A7084784394011365376,"Sanghamitra, what is your biggest take away from this course?"
2023-07-11 15:23:53,https://www.linkedin.com/feed/update/urn%3Ali%3AugcPost%3A7084549244744798208,Thanks Hafeez!
2023-06-19 12:55:10,https://www.linkedin.com/feed/update/urn%3Ali%3Aactivity%3A7076483836385124353,"Bartosz, take care of yourself and the close ones! 🤜🤛"
2023-06-19 05:27:34,https://www.linkedin.com/feed/update/urn%3Ali%3AugcPost%3A7074290516334456832,I know precisely what you mean!
2023-06-17 19:59:24,https://www.linkedin.com/feed/update/urn%3Ali%3Aactivity%3A7075098517874118656,"Amazing, Kim! Sis you rock!"
2023-05-17 08:22:37,https://www.linkedin.com/feed/update/urn%3Ali%3Aactivity%3A7064217200160595970,"This is a big thing! As a product manager working a lot with SaaS vendors, can tell you that SOC2 gives risk management team a lot of assurance that vendor takes risk management seriously!"
2023-05-17 08:17:29,https://www.linkedin.com/feed/update/urn%3Ali%3Aactivity%3A7064254118109884416,So many nice positions in India! Sometimes I really start considering relocation but don’t tell my manager 😅
2023-05-13 08:50:53,https://www.linkedin.com/feed/update/urn%3Ali%3Aactivity%3A7063028486646444032,"Take care of yourself, my friend! 🫂"
2023-05-12 11:41:46,https://www.linkedin.com/feed/update/urn%3Ali%3Aactivity%3A7062654946113941504,Столько сколько нужно
2023-05-11 08:56:38,https://www.linkedin.com/feed/update/urn%3Ali%3Aactivity%3A7060530113494274049,Nasty!!!
2023-05-11 07:06:53,https://www.linkedin.com/feed/update/urn%3Ali%3AugcPost%3A7061966439934488577,"I can only imagine what content creators go through, so kudos to you, Dylan!"
2023-05-08 14:33:23,https://www.linkedin.com/feed/update/urn%3Ali%3Aactivity%3A7061347158960021505,Didn't get one of those in a while :)
2023-05-07 07:45:06,https://www.linkedin.com/feed/update/urn%3Ali%3Aactivity%3A7060664073658478592,Oliver McWilliams 👆
2023-05-06 05:49:30,https://www.linkedin.com/feed/update/urn%3Ali%3Aactivity%3A7060408763257647104,"If not you, Emma, I’d be in big doo-doo so thank you! 🫂"
2023-05-04 15:36:57,https://www.linkedin.com/feed/update/urn%3Ali%3Aactivity%3A7059876971580674048,"On a scale of 1 to 10, how hard was it?"
2023-05-02 09:48:47,https://www.linkedin.com/feed/update/urn%3Ali%3Aactivity%3A7059079567117824000,Where did you get screen shot of my app from?!
2023-04-28 07:08:08,https://www.linkedin.com/feed/update/urn%3Ali%3Aactivity%3A7054340470100885504,Oliver McWilliams 🤜🤛
2023-04-28 05:40:04,https://www.linkedin.com/feed/update/urn%3Ali%3AugcPost%3A7056668113429258240,Love it
2023-04-27 12:18:00,https://www.linkedin.com/feed/update/urn%3Ali%3Aactivity%3A7054302599117737984,Pohozhe ya ochranik...
2023-04-27 12:16:16,https://www.linkedin.com/feed/update/urn%3Ali%3AugcPost%3A7057241953486204928,I am glad to see how your skills and career are developing from specialist to leader!
2023-04-27 12:07:45,https://www.linkedin.com/feed/update/urn%3Ali%3Aactivity%3A7057191141623959553,"Aakash, I actually recognized you!"
2023-04-26 05:53:08,https://www.linkedin.com/feed/update/urn%3Ali%3Aactivity%3A7056760981900689408,Ralph Aboujaoude Diaz
2023-04-25 12:50:17,https://www.linkedin.com/feed/update/urn%3Ali%3AugcPost%3A7056551441603121152,Congratulations! 🙌
2023-04-25 07:19:23,https://www.linkedin.com/feed/update/urn%3Ali%3Aactivity%3A7056295332669726720,gerarahere
2023-04-25 07:15:36,https://www.linkedin.com/feed/update/urn%3Ali%3Aactivity%3A7056242909871779840,You nailed it!
2023-04-23 13:28:18,https://www.linkedin.com/feed/update/urn%3Ali%3Aactivity%3A7055840114723180544,"My wife, while looking at our survival kit, keep saying “you better have it and never use it than not have it and need it”."
2023-04-21 16:35:21,https://www.linkedin.com/feed/update/urn%3Ali%3Aactivity%3A7055168707802583040,"Myroslava, I think you underestimating the capabilities of the AI."
2023-04-18 06:54:41,https://www.linkedin.com/feed/update/urn%3Ali%3Aactivity%3A7052545597089705984,Laxmi ☝️
2023-04-16 11:51:54,https://www.linkedin.com/feed/update/urn%3Ali%3Aactivity%3A7053026548651606016,"Congratulations, Kiran! Certified product owners are taking over Corp Tech 😀"
2023-04-15 16:31:32,https://www.linkedin.com/feed/update/urn%3Ali%3AugcPost%3A7052564195015364608,"Thanks boss, your support of my development objectives has always been clear and sincere! Really appreciate it!"
2023-04-15 16:28:35,https://www.linkedin.com/feed/update/urn%3Ali%3AugcPost%3A7052564195015364608,"Thank you, Alex, you were always very kind to me!)"
2023-04-14 10:00:13,https://www.linkedin.com/feed/update/urn%3Ali%3Aactivity%3A7051627689446690816,I am with you
2023-04-11 09:52:18,https://www.linkedin.com/feed/update/urn%3Ali%3Aactivity%3A7051466562301521920,Crazy!
2023-04-11 06:38:58,https://www.linkedin.com/feed/update/urn%3Ali%3Aactivity%3A7050960999746523136,Stephen Ngui ☝️
2023-04-04 10:09:04,https://www.linkedin.com/feed/update/urn%3Ali%3Aactivity%3A7048942704071782400,"Oleksandr, what was the most interesting/useful from this course?"
2023-04-03 08:50:16,https://www.linkedin.com/feed/update/urn%3Ali%3Aactivity%3A7047996839874224129,"You changed a tie? ;)"
2023-03-31 07:41:08,https://www.linkedin.com/feed/update/urn%3Ali%3Aactivity%3A7047416908547035136,Stunning!
2023-03-30 09:27:46,https://www.linkedin.com/feed/update/urn%3Ali%3Aactivity%3A7046776143177297920,Well done!
2023-03-22 13:23:40,https://www.linkedin.com/feed/update/urn%3Ali%3Aactivity%3A7043969443613323264,"Thanks Arek, does make sense!"
2023-03-20 15:16:29,https://www.linkedin.com/feed/update/urn%3Ali%3Aactivity%3A7043516708254269440,Thank you my dear!
2023-03-20 15:16:06,https://www.linkedin.com/feed/update/urn%3Ali%3Aactivity%3A7043516708254269440,Thank you Sir!
2023-03-11 10:09:37,https://www.linkedin.com/feed/update/urn%3Ali%3Aactivity%3A7039875752732807168,Python?
2023-03-10 12:37:39,https://www.linkedin.com/feed/update/urn%3Ali%3Aactivity%3A7039590194877992960,Thank you my dear Emma!
2023-03-09 13:43:47,https://www.linkedin.com/feed/update/urn%3Ali%3Aactivity%3A7034953795889459200,I have terrible muscle sores after yesterday's yoga...
2023-03-03 11:19:38,https://www.linkedin.com/feed/update/urn%3Ali%3AugcPost%3A7037051769004154881,That is me!
2023-02-26 06:10:11,https://www.linkedin.com/feed/update/urn%3Ali%3Aactivity%3A7031045398567772160,"Wojciech, but there is a caviat - if it works, don’t touch it."
2023-02-22 20:32:20,https://www.linkedin.com/feed/update/urn%3Ali%3Aactivity%3A7034177683735339009,Вітаю! 🤜🤛
2023-02-22 10:20:22,https://www.linkedin.com/feed/update/urn%3Ali%3Aactivity%3A7033515218001412096,I am going to save it
2023-02-22 10:15:48,https://www.linkedin.com/feed/update/urn%3Ali%3AugcPost%3A7033985304810164224,I am sure that Ukrainian Military Forces would make good use of it and testing would be priceless!
2023-02-22 10:11:46,https://www.linkedin.com/feed/update/urn%3Ali%3Aactivity%3A7034063235217559552,"Aakash, I look at the cables on the floor and the only thought I have is - OMG, safety, safety! :)"
2023-02-16 15:27:34,https://www.linkedin.com/feed/update/urn%3Ali%3Aactivity%3A7031999263383392256,We will be waiting for your impression from the event!
2023-02-15 15:25:22,https://www.linkedin.com/feed/update/urn%3Ali%3Aactivity%3A7031527244883750912,I count on e-learning providers to count it for me)
2023-02-10 12:19:20,https://www.linkedin.com/feed/update/urn%3Ali%3Aactivity%3A7029700107268759552,"Thanks for sharing your view on this, really insightful!"
2023-02-08 21:18:14,https://www.linkedin.com/feed/update/urn%3Ali%3Aactivity%3A7028709868962230272,Just losses to report 😥
2023-02-08 12:35:04,https://www.linkedin.com/feed/update/urn%3Ali%3Aactivity%3A7028718580577755137,"Nice one!"
2023-01-31 16:23:10,https://www.linkedin.com/feed/update/urn%3Ali%3Aactivity%3A7026179473829949440,Krzysztof Chlebda 😬
2023-01-30 12:59:27,https://www.linkedin.com/feed/update/urn%3Ali%3Aactivity%3A7025808351796097026,"Just in case:
https://gsknch.wd3.myworkdayjobs.com/GSKCareers/job/Poznan-Business-Garden/Senior-Data-Engineer_510290?shared_id=4e64a7c7-6a34-49e7-942e-7ab71557ad6e"
2023-01-30 11:19:44,https://www.linkedin.com/feed/update/urn%3Ali%3Aactivity%3A7023618782942093312,Logistics hub at the whole new level!
2023-01-28 20:07:36,https://www.linkedin.com/feed/update/urn%3Ali%3Aactivity%3A7025072153326727168,Oliver 😬
2023-01-19 19:45:31,https://www.linkedin.com/feed/update/urn%3Ali%3Aactivity%3A7021919167628918784,"The moment Ukraine wins the war, I’m gonna do the same"
2023-01-18 14:44:04,https://www.linkedin.com/feed/update/urn%3Ali%3AugcPost%3A7021484162591203328,"Congratulations, Balaram!"
2023-01-10 12:27:18,https://www.linkedin.com/feed/update/urn%3Ali%3Aactivity%3A7018501027721043969,"Guys, you rock!"
2022-12-29 15:46:59,https://www.linkedin.com/feed/update/urn%3Ali%3AugcPost%3A7014230166293950464,It's one 'goddamn' nightmare since Feb
2022-12-28 12:33:10,https://www.linkedin.com/feed/update/urn%3Ali%3Aactivity%3A7013122875075239936,Love that!
2022-12-28 12:13:00,https://www.linkedin.com/feed/update/urn%3Ali%3Aactivity%3A7013519760386596864,the same))
2022-12-23 14:50:51,https://www.linkedin.com/feed/update/urn%3Ali%3Aactivity%3A7011258250356494336,"Thank you, Basker! 👑😅"
2022-12-22 19:22:31,https://www.linkedin.com/feed/update/urn%3Ali%3Aactivity%3A7011682418378125312,Crypto Crime!? Looking forward!
2022-12-22 17:13:36,https://www.linkedin.com/feed/update/urn%3Ali%3Aactivity%3A7011258250356494336,"Thank you, Apurva!"
2022-12-22 17:09:06,https://www.linkedin.com/feed/update/urn%3Ali%3Aactivity%3A7003478868254748672,"Michał, I am sure you have noticed unfair and false statement about Ukrainians and I keep the right to defend my nation against accusations in so far very diplomatic manner though sarcastic."
2022-12-21 14:07:01,https://www.linkedin.com/feed/update/urn%3Ali%3Aactivity%3A7003478868254748672,"Seena Shinwari, apart from spelling, you are wrong in many other areas."
2022-12-19 12:30:53,https://www.linkedin.com/feed/update/urn%3Ali%3Aactivity%3A7010524220585603072,Thanks for sharing! Signed up for few!
2022-12-19 12:15:34,https://www.linkedin.com/feed/update/urn%3Ali%3Aactivity%3A7008315966837166080,Good luck with their business
2022-12-14 09:32:37,https://www.linkedin.com/feed/update/urn%3Ali%3AugcPost%3A7008574168040448000,"Max, you are a skill machine! 👍"
2022-12-12 13:03:28,https://www.linkedin.com/feed/update/urn%3Ali%3Aactivity%3A7007741418576166912,Thank you Sir!
2022-12-11 07:59:59,https://www.linkedin.com/feed/update/urn%3Ali%3Aactivity%3A7007361993472958464,Glyn MacLean we gotta print it! :)
2022-12-10 17:37:36,https://www.linkedin.com/feed/update/urn%3Ali%3AugcPost%3A7007230092762374144,Scary sh!t
2022-12-10 17:35:05,https://www.linkedin.com/feed/update/urn%3Ali%3Aactivity%3A7007361993472958464,Good question. Distributed Ledger?
2022-12-07 12:00:28,https://www.linkedin.com/feed/update/urn%3Ali%3Aactivity%3A7006223054167035905,What a disgraceful representative of our nation. Some people really have no shame :(
2022-12-05 13:33:58,https://www.linkedin.com/feed/update/urn%3Ali%3Aactivity%3A7005516561893474304,Are you up for Scrum Master training?
2022-12-05 12:34:38,https://www.linkedin.com/feed/update/urn%3Ali%3Aactivity%3A7005508654535733248,Well done 🤜🤛
2022-12-03 16:20:34,https://www.linkedin.com/feed/update/urn%3Ali%3Aactivity%3A7004831668146442240,"Edyta, what is your reflection on practical application of the knowledge you gained?"
2022-12-03 07:53:53,https://www.linkedin.com/feed/update/urn%3Ali%3Aactivity%3A7004432605471215617,Thank you for bringing me coffee and sandwiches when I couldn't leave :*
2022-12-03 07:51:49,https://www.linkedin.com/feed/update/urn%3Ali%3Aactivity%3A7004432605471215617,"Thank you Ufuk, something to celebrate next Thursday :)"
2022-12-03 07:51:24,https://www.linkedin.com/feed/update/urn%3Ali%3Aactivity%3A7004432605471215617,Thanks Basker!
2022-12-03 07:51:16,https://www.linkedin.com/feed/update/urn%3Ali%3Aactivity%3A7004432605471215617,I have to do a lot of catching up with you my friend! :)
2022-11-30 09:02:06,https://www.linkedin.com/feed/update/urn%3Ali%3AugcPost%3A7003608604150775808,Well done my man!
2022-11-29 20:28:45,https://www.linkedin.com/feed/update/urn%3Ali%3Aactivity%3A7003277803643101185,Monika Zimny  ☝️
2022-11-29 13:32:37,https://www.linkedin.com/feed/update/urn%3Ali%3Aactivity%3A7003344195386052609,Oleksandr Shelegeda
2022-11-27 06:16:51,https://www.linkedin.com/feed/update/urn%3Ali%3Aactivity%3A7002278589609971713,I thought popularity is like “brand awareness” )
2022-11-26 14:38:47,https://www.linkedin.com/feed/update/urn%3Ali%3Aactivity%3A7001548014997630976,"Peskov snail will burn in Hell, his karma is so damn black even black hole is envious..."
2022-11-25 13:32:22,https://www.linkedin.com/feed/update/urn%3Ali%3Aactivity%3A7001151272254902272,"All this time I felt guilty failing SAFe exam, thank you Chris, you gave me a relief))"
2022-11-23 08:05:31,https://www.linkedin.com/feed/update/urn%3Ali%3AugcPost%3A7000831517081882624,"Dono, maybe this would reduce congestion at the airport"
2022-11-21 19:27:44,https://www.linkedin.com/feed/update/urn%3Ali%3Aactivity%3A7000487164643823616,How was it?
2022-11-18 07:51:08,https://www.linkedin.com/feed/update/urn%3Ali%3Aactivity%3A6999054509909966848,Great accomplishment! Congratulations! 🎉
2022-11-15 13:05:12,https://www.linkedin.com/feed/update/urn%3Ali%3Aactivity%3A6994984830274797568,"Thank you, Sir!"
2022-11-15 06:52:10,https://www.linkedin.com/feed/update/urn%3Ali%3AugcPost%3A6998053664481230848,"Congratulations, Jana!"
2022-11-14 06:34:11,https://www.linkedin.com/feed/update/urn%3Ali%3Aactivity%3A6997626925288476672,Auditors would be second on the shot list because they would apply the same rules and logic to a business they don’t understand so FTX would fail anyway but with positive audit report.
2022-11-10 15:22:03,https://www.linkedin.com/feed/update/urn%3Ali%3Aactivity%3A6996460624138362880,Niiiiice!!!
2022-11-10 15:21:03,https://www.linkedin.com/feed/update/urn%3Ali%3AugcPost%3A6994120180083699712,I will move 30km away from office next year and do not plan to visit office more often than our organization arranges team-building events :)
2022-11-03 15:56:14,https://www.linkedin.com/feed/update/urn%3Ali%3Aactivity%3A6993922061509230592,"Oh man, what have you done?!"
2022-11-02 16:48:16,https://www.linkedin.com/feed/update/urn%3Ali%3Aactivity%3A6993606152932474880,That is so damn cool!!! 🤩
2022-11-02 12:21:43,https://www.linkedin.com/feed/update/urn%3Ali%3Aactivity%3A6993518870930042881,"No surprise at all, money is money"
2022-11-01 07:23:57,https://www.linkedin.com/feed/update/urn%3Ali%3AugcPost%3A6992864173797842944,Still didn’t help))
2022-10-30 12:51:13,https://www.linkedin.com/feed/update/urn%3Ali%3AugcPost%3A6992132647334424576,"Congratulations, Bob!"
2022-10-28 08:47:36,https://www.linkedin.com/feed/update/urn%3Ali%3AugcPost%3A6991553850780368896,"It’s the first time I see academic recognition, I know that I’d be one heck of a proud student 🥹"
2022-10-27 17:24:15,https://www.linkedin.com/feed/update/urn%3Ali%3Aactivity%3A6991074463660339200,对
2022-10-27 17:23:53,https://www.linkedin.com/feed/update/urn%3Ali%3Aactivity%3A6991074463660339200,"I no longer fall for it. Asked to have a date before even applying. God bless my manager, Oliver, who always has his camera on 😅"
2022-10-27 01:00:58,https://www.linkedin.com/feed/update/urn%3Ali%3Aactivity%3A6991141032209907712,Got the same. I think small outsourcing companies use the same sales agencies to generate leads hence the waives.
2022-10-27 00:57:03,https://www.linkedin.com/feed/update/urn%3Ali%3Aactivity%3A6991133660842201088,How was it?
2022-10-26 14:43:58,https://www.linkedin.com/feed/update/urn%3Ali%3Aactivity%3A6990907315352739840,Thank you))
2022-10-12 18:22:05,https://www.linkedin.com/feed/update/urn%3Ali%3Aactivity%3A6985815293335871488,"Those tabs frequently keep me awake a great deal of the night. Thanks for sharing, Jo"
2022-10-04 13:23:31,https://www.linkedin.com/feed/update/urn%3Ali%3Aactivity%3A6982781253490016257,"Yusuf Abdullah, we don't speak of all, the message is about one specific person."
2022-10-04 07:04:34,https://www.linkedin.com/feed/update/urn%3Ali%3Aactivity%3A6982649950547415040,"Ralph, be my guest ;)"
2022-09-28 05:37:34,https://www.linkedin.com/feed/update/urn%3Ali%3Aactivity%3A6980611045501325312,"Chris, I got toon picture, but it is very close to how I look in real life (bold and in glasses), don’t delete me :)"
2022-09-20 14:16:17,https://www.linkedin.com/feed/update/urn%3Ali%3Aactivity%3A6977960062816292866,Same list 👇
2022-09-02 14:00:13,https://www.linkedin.com/feed/update/urn%3Ali%3Aactivity%3A6971377842953539584,"Hell no, resist brothers and sisters, they will pull you in all sort of trouble!!!"
2022-08-31 06:02:49,https://www.linkedin.com/feed/update/urn%3Ali%3Aactivity%3A6970379354312724481,What a shame I know little about marketing 😁
2022-08-24 10:27:10,https://www.linkedin.com/feed/update/urn%3Ali%3Aactivity%3A6967803488529489920,"Back in 2009, we had only Civil Partnership available. Glad that now you can call spade a spade. Congratulations Dave 🥂"
2022-08-24 06:45:15,https://www.linkedin.com/feed/update/urn%3Ali%3AugcPost%3A6967848885864030209,"Well done, congratulations, Kasia!"
2022-08-17 15:14:33,https://www.linkedin.com/feed/update/urn%3Ali%3AugcPost%3A6965651605253693440,Well done!
2022-08-06 09:31:34,https://www.linkedin.com/feed/update/urn%3Ali%3AugcPost%3A6961229147574587393,Alex Zhukovich
2022-07-25 12:07:11,https://www.linkedin.com/feed/update/urn%3Ali%3Aactivity%3A6956224304313212929,"Oleksandr, we just spoke about that )"
2022-07-20 05:39:54,https://www.linkedin.com/feed/update/urn%3Ali%3AugcPost%3A6954695165265461248,Thank you my dear Emma 🤗
2022-07-20 05:36:46,https://www.linkedin.com/feed/update/urn%3Ali%3Aactivity%3A6954339901131665408,"With all due respect, Sir, how can I choose to love russians after what they did with my country, Ukraine?"
2022-07-19 05:25:47,https://www.linkedin.com/feed/update/urn%3Ali%3AugcPost%3A6954695165265461248,Thank you!
2022-07-19 05:25:26,https://www.linkedin.com/feed/update/urn%3Ali%3AugcPost%3A6954695165265461248,Thanks Mark 👍
2022-07-19 05:24:59,https://www.linkedin.com/feed/update/urn%3Ali%3AugcPost%3A6954695165265461248,спасибо! 🤜🤛
2022-07-19 05:24:23,https://www.linkedin.com/feed/update/urn%3Ali%3AugcPost%3A6954695165265461248,Thanks Mia ☺️
2022-07-19 05:24:07,https://www.linkedin.com/feed/update/urn%3Ali%3AugcPost%3A6954695165265461248,Thank you my dear
2022-07-19 05:20:51,https://www.linkedin.com/feed/update/urn%3Ali%3Aactivity%3A6954702864501882880,Woman on the left is a traitor and a criminal. She contributed to anaxation of Crimea by russia.
2022-07-15 08:35:48,https://www.linkedin.com/feed/update/urn%3Ali%3Aactivity%3A6953277696458039296,Bustards
2022-07-05 18:13:20,https://www.linkedin.com/feed/update/urn%3Ali%3Aactivity%3A6948293728595783680,"Thank you, Sir"
2022-07-04 10:46:43,https://www.linkedin.com/feed/update/urn%3Ali%3AugcPost%3A6949659184141381632,"Encouragement and words of support don't count, right?"
2022-06-28 18:20:07,https://www.linkedin.com/feed/update/urn%3Ali%3Aactivity%3A6946357874935648256,Adrian Staniszewski ☝️
2022-06-28 18:17:03,https://www.linkedin.com/feed/update/urn%3Ali%3Aactivity%3A6947169741102858240,"Thank you, Sir"
2022-06-28 16:09:44,https://www.linkedin.com/feed/update/urn%3Ali%3Aarticle%3A6992942958953606533,Last upgraded version made available at GSK sucks so bad that I feel guilty making my team using it
2022-06-28 16:06:27,https://www.linkedin.com/feed/update/urn%3Ali%3Aactivity%3A6947553981615280128,Trojan dog?
2022-05-25 13:01:56,https://www.linkedin.com/feed/update/urn%3Ali%3Aactivity%3A6932062493447966720,Oleksandr Shelegeda
2022-05-24 10:41:57,https://www.linkedin.com/feed/update/urn%3Ali%3Aactivity%3A6933310446586216448,Oleksandr Shelegeda
2022-05-18 05:25:51,https://www.linkedin.com/feed/update/urn%3Ali%3Aactivity%3A6931442345653506048,"Link, please, where is link to the talk?"
2022-04-08 12:40:09,https://www.linkedin.com/feed/update/urn%3Ali%3Aactivity%3A6915545266452336640,"Tank you for this scary statistic, Jacek. Magnitude of aggression is well downplayed by too many."
2022-02-13 20:44:42,https://www.linkedin.com/feed/update/urn%3Ali%3Aactivity%3A6898462167780118528,I got the other way round 😏
2022-02-03 08:20:42,https://www.linkedin.com/feed/update/urn%3Ali%3Aactivity%3A6894536456447365120,"Вообще огонь 🔥 Oleg, тебе пять балов!"
2022-01-29 13:20:33,https://www.linkedin.com/feed/update/urn%3Ali%3Aactivity%3A6893169030182580224,"My JS teacher was making some complements to TS so, yes, next stop is Typescript)"
2022-01-28 16:25:25,https://www.linkedin.com/feed/update/urn%3Ali%3AugcPost%3A6892807099311644672,Ralph ☝️
2022-01-28 11:04:42,https://www.linkedin.com/feed/update/urn%3Ali%3Aactivity%3A6892747860115615744,"At every company I worked, there were plenty of loyal as well as disloyal employees. It never stopped company from promoting or making redundant people from both categories. 

I understand companies which promote loyalty, it benefits them but whether it benefits employees, I am not sure 🤔"
2022-01-25 08:49:42,https://www.linkedin.com/feed/update/urn%3Ali%3Aactivity%3A6890318397994078208,Oleksandr Shelegeda 👆
2022-01-24 12:35:17,https://www.linkedin.com/feed/update/urn%3Ali%3Aactivity%3A6890968933403627520,What a fab depiction of what NFT is 😄
2022-01-22 10:33:54,https://www.linkedin.com/feed/update/urn%3Ali%3AugcPost%3A6889819663505608704,Oleksandr Shelegeda 👆🤦‍♂️
2022-01-21 19:18:59,https://www.linkedin.com/feed/update/urn%3Ali%3AugcPost%3A6889640712531439618,Ain’t my kind of running 😅
2022-01-21 19:14:17,https://www.linkedin.com/feed/update/urn%3Ali%3AugcPost%3A6889640712531439618,"Thanks Scott, time spent together is priceless!"
2022-01-21 14:12:16,https://www.linkedin.com/feed/update/urn%3Ali%3Aactivity%3A6890264452780879872,"Magnificent news, well done IdeaSoft.io and good luck PULS Software!"
2022-01-18 19:36:41,https://www.linkedin.com/feed/update/urn%3Ali%3Aactivity%3A6889186822623158272,"Oh man, that is hilarious! Thanks for sharing 😅"
2022-01-15 13:20:02,https://www.linkedin.com/feed/update/urn%3Ali%3Aactivity%3A6888061514830360576,Sad but true 😅
2022-01-14 16:29:42,https://www.linkedin.com/feed/update/urn%3Ali%3Aactivity%3A6887665969192300544,Учитывая что пенсионный сбор многие не платят или платят минимум то пенсия будет такая себе
2022-01-14 16:28:24,https://www.linkedin.com/feed/update/urn%3Ali%3AugcPost%3A6887791378105958400,Right about time! 👍
2022-01-14 11:08:49,https://www.linkedin.com/feed/update/urn%3Ali%3Aactivity%3A6887651965380169728,"Thanks Alex, taking for granted a good employee is a bad practice, fully agree"
2022-01-14 09:34:39,https://www.linkedin.com/feed/update/urn%3Ali%3Aactivity%3A6887651965380169728,"Thanks, Wajih, for sharing your approach 👍 clarity is everything!"
2022-01-10 17:46:48,https://www.linkedin.com/feed/update/urn%3Ali%3Aactivity%3A6886264004797333504,"Thanks for sharing, Viktor! 👍"
2022-01-08 12:07:59,https://www.linkedin.com/feed/update/urn%3Ali%3AugcPost%3A6883163717312253952,Id be fit as F
2022-01-07 07:16:32,https://www.linkedin.com/feed/update/urn%3Ali%3Aactivity%3A6884998744136396802,"They didn’t, just waited for better surface 😅"
2022-01-06 20:10:19,https://www.linkedin.com/feed/update/urn%3Ali%3Aactivity%3A6880085866711183360,"Sudhakar, I don’t think that strict requirements, which you highlight, will help you fill the position. Just a thought."
2022-01-05 12:41:33,https://www.linkedin.com/feed/update/urn%3Ali%3Aactivity%3A6882487357958848512,Not enough)
2021-12-27 14:39:44,https://www.linkedin.com/feed/update/urn%3Ali%3Aactivity%3A6881159344918933504,Та же проблема с описанием вакансий. Вот вообще один в один.
2021-12-23 11:46:35,https://www.linkedin.com/feed/update/urn%3Ali%3Aactivity%3A6879743201343873024,Airport is a tenth’s circle of Dante’s hell
2021-12-16 09:04:23,https://www.linkedin.com/feed/update/urn%3Ali%3Aactivity%3A6877149124236464128,"Ralph, we have faith in you!"
2021-12-15 10:54:54,https://www.linkedin.com/feed/update/urn%3Ali%3Aactivity%3A6876725652012249088,Absolutelly!
2021-12-15 10:16:28,https://www.linkedin.com/feed/update/urn%3Ali%3Aactivity%3A6876824073574387712,"Anna, this is no surprise, Luxoft team is most responsive to the market. Well done!"
2021-12-14 19:48:41,https://www.linkedin.com/feed/update/urn%3Ali%3Aactivity%3A6876573169013075968,It’s better be))
2021-12-10 11:53:30,https://www.linkedin.com/feed/update/urn%3Ali%3Aactivity%3A6875005730173292544,"Мені навіть відмовились компенсувати видатки на організацію робочого місця (монітор, стіл, кресло), а про бонус я взагалі мовчу 🤷🏻‍♂️"
2021-12-06 14:29:40,https://www.linkedin.com/feed/update/urn%3Ali%3Aactivity%3A6873619874363535360,This is ugly as F@(#.
2021-12-04 12:30:37,https://www.linkedin.com/feed/update/urn%3Ali%3Aactivity%3A6872836239503052800,"Ralph, you got free data available!"
2021-12-03 13:57:15,https://www.linkedin.com/feed/update/urn%3Ali%3Aactivity%3A6872281258391609344,Да это прикол
2021-11-30 22:45:56,https://www.linkedin.com/feed/update/urn%3Ali%3Aactivity%3A6871388340848001024,Joanna
2021-11-30 14:13:45,https://www.linkedin.com/feed/update/urn%3Ali%3AugcPost%3A6867583953730117633,"Jarek Spychalski CIMA, MBA"
2021-11-30 09:12:55,https://www.linkedin.com/feed/update/urn%3Ali%3Aactivity%3A6871358678709137408,Очень круто!
2021-11-29 09:08:31,https://www.linkedin.com/feed/update/urn%3Ali%3Aactivity%3A6871007447989977088,Oleksandr Shelegeda
2021-11-27 09:47:10,https://www.linkedin.com/feed/update/urn%3Ali%3Aactivity%3A6870020004042063872,Ranjiv Raghunathan 👆
2021-11-26 17:33:24,https://www.linkedin.com/feed/update/urn%3Ali%3Aactivity%3A6870040099715862528,Valeriia Kiparenko ☝️
2021-11-25 11:34:30,https://www.linkedin.com/feed/update/urn%3Ali%3Aactivity%3A6869200053219667969,Oleksandr Shelegeda
2021-11-25 11:30:14,https://www.linkedin.com/feed/update/urn%3Ali%3Aactivity%3A6869587201160712193,What do you mean?! ;)
2021-11-25 06:34:37,https://www.linkedin.com/feed/update/urn%3Ali%3Aactivity%3A6869350603257065473,Oleksandr ☝️🤦‍♂️
2021-11-25 06:33:30,https://www.linkedin.com/feed/update/urn%3Ali%3Aactivity%3A6869350603257065473,Ну может если не платить налоги то конкурентные
2021-11-24 13:57:37,https://www.linkedin.com/feed/update/urn%3Ali%3Aactivity%3A6868796764829294592,you can also drink with him/her!
2021-11-23 15:52:34,https://www.linkedin.com/feed/update/urn%3Ali%3AugcPost%3A6868915472444755969,few hours easily))
2021-11-22 09:16:32,https://www.linkedin.com/feed/update/urn%3Ali%3AugcPost%3A6868299780385210368,"Krzysztof, it must have been one hell of a bribe 🤔"
2021-11-21 11:00:24,https://www.linkedin.com/feed/update/urn%3Ali%3Aactivity%3A6868138980374933504,"Ralph, well spotted!"
2021-11-20 08:02:02,https://www.linkedin.com/feed/update/urn%3Ali%3Aactivity%3A6866998746941591552,"Я конечно признателен работодателем за то что они не скрывают что у них п#@№₽ц, но этот момент всегда провоцирует ряд вопросов 🤔"
2021-11-19 20:24:31,https://www.linkedin.com/feed/update/urn%3Ali%3Aactivity%3A6867519560073969664,А я оказывается разраб iOS!
2021-11-17 16:35:27,https://www.linkedin.com/feed/update/urn%3Ali%3Aactivity%3A6866136837447012352,"Vinay, how the heck did that happen?! 😆"
2021-11-11 06:33:36,https://www.linkedin.com/feed/update/urn%3Ali%3Aactivity%3A6864260971989393408,AltexSoft ☝️
2021-11-09 16:46:38,https://www.linkedin.com/feed/update/urn%3Ali%3Aactivity%3A6863862076562137088,Just like at my hometown in Ukraine…
2021-11-08 10:13:36,https://www.linkedin.com/feed/update/urn%3Ali%3AugcPost%3A6863410194840391680,Thanks Oleksandr! 6 years of adventures!
2021-11-02 07:15:09,https://www.linkedin.com/feed/update/urn%3Ali%3Aactivity%3A6859909965277216768,"Thank you for sharing, Richard 🤜🤛 that means a lot!"
2021-10-31 10:53:33,https://www.linkedin.com/feed/update/urn%3Ali%3Aactivity%3A6858680108945870848,"Phil, i absolutelly love it 😍 thank you!"
2021-10-30 07:02:58,https://www.linkedin.com/feed/update/urn%3Ali%3Aactivity%3A6860060730209775616,"Josh, I worked in Chinese environment and yes indeed, micromanagement was evident. Every day director was making decisions about all aspects of company and nobody will do a thing which will differ from the instruction received because they were afraid that they would be kicked out."
2021-10-29 14:00:58,https://www.linkedin.com/feed/update/urn%3Ali%3Aactivity%3A6857799073886474240,"Emma Smith, FCCA check this out 👆😅"
2021-10-29 11:10:38,https://www.linkedin.com/feed/update/urn%3Ali%3AugcPost%3A6859778376698261504,"Lord, that is so true!!! Love it!"
2021-10-29 08:33:48,https://www.linkedin.com/feed/update/urn%3Ali%3Aactivity%3A6859562865469325313,"Sudip, just pooling your leg) you guys are just both very positive!"
2021-10-29 08:32:09,https://www.linkedin.com/feed/update/urn%3Ali%3Aactivity%3A6859540921470525440,"Manish, this kind of stepper or a big one?"
2021-10-28 19:09:24,https://www.linkedin.com/feed/update/urn%3Ali%3Aactivity%3A6859562865469325313,Which one of you is Sudip? ;)
2021-10-28 18:31:43,https://www.linkedin.com/feed/update/urn%3Ali%3Aactivity%3A6859540921470525440,I got the habbit of walking while talking and perhaps you could establish it by leaving office room when joining the call (unless you have to present sth)
2021-10-28 17:04:53,https://www.linkedin.com/feed/update/urn%3Ali%3Aactivity%3A6859423767358242816,"Отличный сайт, пользуюсь ним уже более 10 лет и дисер с ним писал))"
2021-10-28 13:14:53,https://www.linkedin.com/feed/update/urn%3Ali%3AugcPost%3A6859476811085086721,Here is the link to the course if you are interested - https://app.pluralsight.com/library/courses/exploring-positioning-product-metrics/table-of-contents
2021-10-28 12:35:26,https://www.linkedin.com/feed/update/urn%3Ali%3Aactivity%3A6858683073593180160,Thanks Marcin. I was recommended to read it so it is in my backlog)
2021-10-28 10:10:21,https://www.linkedin.com/feed/update/urn%3Ali%3Aactivity%3A6858683073593180160,"Marcin, what do you think of it?"
2021-10-28 09:21:56,https://www.linkedin.com/feed/update/urn%3Ali%3Aactivity%3A6859400417613283328,"Well, that is a big deal, sir! Maybe Lodz will become one of IT centers as well 🤞great news!"
2021-10-26 13:58:58,https://www.linkedin.com/feed/update/urn%3Ali%3Aactivity%3A6858696742414667776,"Thanks for sharing Vikram! We have enough of “do this, do that and I approve” sort of leaders. We need more “I have a vision and I need you on this journey” type."
2021-10-23 08:28:12,https://www.linkedin.com/feed/update/urn%3Ali%3Aactivity%3A6856500551400656896,I will!
2021-10-23 06:54:45,https://www.linkedin.com/feed/update/urn%3Ali%3Aactivity%3A6857346889176649728,"Rostyslav, will you write an article on how it went afterwards?"
2021-10-23 06:49:03,https://www.linkedin.com/feed/update/urn%3Ali%3AugcPost%3A6857358116393250816,"Nick Himowicz, which pizza 🍕?! We have no budget for it!"
2021-10-23 06:45:49,https://www.linkedin.com/feed/update/urn%3Ali%3Aactivity%3A6857204266382237696,Гениально 🤦‍♂️😂
2021-10-22 18:23:18,https://www.linkedin.com/feed/update/urn%3Ali%3Aactivity%3A6857263172982759424,"Paweł Stelmach, Ph.D. Thanks mate!"
2021-10-22 11:24:51,https://www.linkedin.com/feed/update/urn%3Ali%3Aactivity%3A6857263172982759424,"Paweł, share the experience! How was it? Details sir, details! 😁"
2021-10-22 07:45:04,https://www.linkedin.com/feed/update/urn%3Ali%3Aactivity%3A6857210143432589312,Which rise?!
2021-10-22 03:46:27,https://www.linkedin.com/feed/update/urn%3Ali%3Aarticle%3A7502794331097978903,Oleksandr Shelegeda ⬆️
2021-10-21 12:10:18,https://www.linkedin.com/feed/update/urn%3Ali%3Aactivity%3A6856894735320170496,Here is the link to the full report 👆
2021-10-21 12:09:58,https://www.linkedin.com/feed/update/urn%3Ali%3Aactivity%3A6856894735320170496,https://www.ubs.com/global/en/wealth-management/insights/2021/global-real-estate-bubble-index/_jcr_content/mainpar/toplevelgrid_2045992449/col1/messagestage/messageteaser.1236222910.file/bGluay9wYXRoPS9jb250ZW50L2RhbS9hc3NldHMvd20vZ2xvYmFsL2luc2lnaHRzL2RvYy9ncmViaS0yMDIxLnBkZg==/grebi-2021.pdf
2021-10-20 11:05:28,https://www.linkedin.com/feed/update/urn%3Ali%3Aactivity%3A6856500551400656896,"Mate, prices here are pretty high so bring some sandwiches from Wroclaw))"
2021-10-20 10:48:27,https://www.linkedin.com/feed/update/urn%3Ali%3Aactivity%3A6856537805158445057,Katarzyna Plakwicz 👆🤦‍♂️😂
2021-10-19 13:46:33,https://www.linkedin.com/feed/update/urn%3Ali%3Aactivity%3A6856201505213579264,"Jakob, you are my personal hero. These are such wise and smart words! Your team is lucky to have such a leader!"
2021-10-19 09:08:57,https://www.linkedin.com/feed/update/urn%3Ali%3Aactivity%3A6856144774227927040,Oleksandr Shelegeda 👆
2021-10-19 06:56:08,https://www.linkedin.com/feed/update/urn%3Ali%3Aactivity%3A6855908910067527680,123
2021-10-14 12:59:34,https://www.linkedin.com/feed/update/urn%3Ali%3Aactivity%3A6851089589298372608,Pigeon mail! :)
2021-10-14 11:23:44,https://www.linkedin.com/feed/update/urn%3Ali%3Aactivity%3A6854366148759236608,Ralph Aboujaoude Diaz 👆
2021-10-06 07:58:55,https://www.linkedin.com/feed/update/urn%3Ali%3Aactivity%3A6848226209390821376,"Zły pomysł, zrobiłem coś podobnego rok temu. Szefowa ze stanów zadzwoniła tego samego dnia."
2021-10-03 10:45:24,https://www.linkedin.com/feed/update/urn%3Ali%3Aactivity%3A6846936681300455424,Phil Vinnicombe 👆
2021-10-01 19:07:06,https://www.linkedin.com/feed/update/urn%3Ali%3AugcPost%3A6849698538436259840,"Oleksandr, you should have applied to IT hub as well ;)"
2021-09-23 12:02:20,https://www.linkedin.com/feed/update/urn%3Ali%3Aactivity%3A6846448093479632897,"Gerard, I can see the resemblance;)"
2021-09-23 11:19:06,https://www.linkedin.com/feed/update/urn%3Ali%3Aactivity%3A6846130771216908288,Kruto!))
2021-09-22 14:42:29,https://www.linkedin.com/feed/update/urn%3Ali%3Aactivity%3A6846426436526514176,"That is so cool, Kimberly! Congratulations! I guess initiatives you are in charge of are SAFe now! 🛡"
2021-09-15 15:37:34,https://www.linkedin.com/feed/update/urn%3Ali%3Aactivity%3A6843922344302387200,Yasser Hammami - Prince2® ☝️
2021-09-15 15:36:54,https://www.linkedin.com/feed/update/urn%3Ali%3Aactivity%3A6843922344302387200,Agnieszka Filipska ☝️
2021-09-15 07:14:36,https://www.linkedin.com/feed/update/urn%3Ali%3AugcPost%3A6843516826018705408,Ralph Aboujaoude Diaz
2021-09-09 20:22:47,https://www.linkedin.com/feed/update/urn%3Ali%3Aactivity%3A6841729548376182785,"GSK, is participation in such event could help fill in some of the vacancies we have in IT Hub?"
2021-09-08 05:37:56,https://www.linkedin.com/feed/update/urn%3Ali%3AugcPost%3A6840288638077689856,They must be disappointed after invading my house 😅
2021-09-07 09:10:04,https://www.linkedin.com/feed/update/urn%3Ali%3Aactivity%3A6840524343437479936,It does but we all are aware this is not going to happen.
2021-09-01 13:51:23,https://www.linkedin.com/feed/update/urn%3Ali%3Aactivity%3A6838486466046308352,"Camunda, looking forward to September event to find out more about functionality, you guys have developed!"
2021-09-01 07:01:42,https://www.linkedin.com/feed/update/urn%3Ali%3Aactivity%3A6834738998892642305,У меня так было в Fujitsu 😅
2021-09-01 07:00:40,https://www.linkedin.com/feed/update/urn%3Ali%3Aactivity%3A6834738998892642305,"Лана, и взяли двух человек"
2021-08-31 09:18:33,https://www.linkedin.com/feed/update/urn%3Ali%3Aactivity%3A6835891699735138304,"«Этот файлик я унаследовал от моего деда и теперь я его передаю тебе, не дай тебе Боже что-то в нем поменять» (с)"
2021-08-30 17:54:37,https://www.linkedin.com/feed/update/urn%3Ali%3AugcPost%3A6838118191223377920,And dead bodies all over
2021-08-29 09:23:40,https://www.linkedin.com/feed/update/urn%3Ali%3Aactivity%3A6833379338088394752,Alex Zhukovich  ☝️😅
2021-08-29 09:22:17,https://www.linkedin.com/feed/update/urn%3Ali%3Aactivity%3A6837658465452851200,"Sheree, I think this is a message you are trying to deliver, right?"
2021-08-25 16:57:29,https://www.linkedin.com/feed/update/urn%3Ali%3Aactivity%3A6835931619971354624,"This is my first \"re-share\". That is so nice of you, thank you Aurélien! 🤜 🤛"
2021-08-25 16:49:16,https://www.linkedin.com/feed/update/urn%3Ali%3Aactivity%3A6811405902571216896,"Piotr, so there is hope at the end of the tunnel 🤞"
2021-08-25 16:46:54,https://www.linkedin.com/feed/update/urn%3Ali%3Aactivity%3A6818443023014252544,"Wojciech, you are spot on!"
2021-08-25 15:07:41,https://www.linkedin.com/feed/update/urn%3Ali%3Aactivity%3A6835537051933306880,"Flowable, so my suspicion was right, I just didn’t find it) thanks for the follow up!"
2021-08-25 08:38:20,https://www.linkedin.com/feed/update/urn%3Ali%3Aactivity%3A6834946658824982528,"Hey Vladyslav, but who cares what they want, right? If they are not happy, they can always dump shares they hold, there are plenty of others who are willing to buy an opportunity to invest in the future."
2021-08-24 15:37:34,https://www.linkedin.com/feed/update/urn%3Ali%3Aactivity%3A6835865943353171968,"Oleksandr, give it a try and see for yourself ;)"
2021-08-24 14:32:14,https://www.linkedin.com/feed/update/urn%3Ali%3Aactivity%3A6835865943353171968,"I didn't try desktop app yet but I will, thanks for sharing Niall!"
2021-08-24 13:57:12,https://www.linkedin.com/feed/update/urn%3Ali%3Aactivity%3A6835865943353171968,"Camunda, you guys are building a future!"
2021-08-19 12:13:59,https://www.linkedin.com/feed/update/urn%3Ali%3Aactivity%3A6833735641914732544,"Oleksandr, remember the number of interviews you had at Fujitsu?"
2021-08-17 20:03:02,https://www.linkedin.com/feed/update/urn%3Ali%3Aactivity%3A6832631991549132800,"Adam, you can bet that it has to do with the book rather than ice cream 🍦otherwise, I’m gonna quit my corpo life and become a model 😅"
2021-08-17 19:43:19,https://www.linkedin.com/feed/update/urn%3Ali%3Aactivity%3A6833336115378872320,"Do hope Fujitsu will apply this approach across all functions, otherwise it’s just a good story"
2021-08-05 19:37:41,https://www.linkedin.com/feed/update/urn%3Ali%3Aactivity%3A6829034438920327168,С диназавром вообще Бигдато!!!
2021-08-04 09:42:19,https://www.linkedin.com/feed/update/urn%3Ali%3Aactivity%3A6828333182300020737,"Adam, I have zero psychological safety but it doesn’t stop my boss from asking “What do you mean you don’t know?!”… so people still say all of the above but with frustration in their voice."
2021-07-27 07:52:54,https://www.linkedin.com/feed/update/urn%3Ali%3AugcPost%3A6825397090437361664,David Bigness Jr. ☝️
2021-07-22 07:36:42,https://www.linkedin.com/feed/update/urn%3Ali%3Aactivity%3A6823744256486739968,Marcin Spiliszewski ☝️
2021-07-22 07:02:25,https://www.linkedin.com/feed/update/urn%3Ali%3AugcPost%3A6822580161767059457,Isn’t it a type of spend?
2021-07-21 16:51:55,https://www.linkedin.com/feed/update/urn%3Ali%3Aactivity%3A6823609612957224960,"Ты не поверишь, отпуск не дали в августе так как другие игрушки раскупили..."
2021-07-21 13:57:44,https://www.linkedin.com/feed/update/urn%3Ali%3Aactivity%3A6820006285275144192,"David, basically it says - “those pupils who don’t drink have better results at school”."
2021-07-19 17:23:48,https://www.linkedin.com/feed/update/urn%3Ali%3Aactivity%3A6822908703134543872,"Kimberly, I am super happy for you! 🤜🤛"
2021-07-18 17:08:45,https://www.linkedin.com/feed/update/urn%3Ali%3Aactivity%3A6822546824885354496,"I though hype for blockchain is over, apparently blockchain is still a buzzword"
2021-07-16 13:52:26,https://www.linkedin.com/feed/update/urn%3Ali%3Aactivity%3A6821730255485616128,"Алекс, ну ведь черт побери должно же когда-то наступить время когда спрос превысит предложение)"
2021-07-16 07:11:10,https://www.linkedin.com/feed/update/urn%3Ali%3AgroupPost%3A63315-6820655599819227136,Мітинг під лозунгом «Я програміст і я не хочу плати податки».
2021-07-15 10:37:23,https://www.linkedin.com/feed/update/urn%3Ali%3Aactivity%3A6821379424085180416,"Oleksandr, considering the market condition, I believe Hitachi will want to leverage it real fast 🚀"
2021-07-12 11:14:29,https://www.linkedin.com/feed/update/urn%3Ali%3Aactivity%3A6820281006847774721,Oleksandr Shelegeda ☝️
2021-07-08 13:36:12,https://www.linkedin.com/feed/update/urn%3Ali%3Aactivity%3A6818779144495656960,Make sure you don’t travel to the Wolf Creek neighborhood
2021-07-04 18:18:41,https://www.linkedin.com/feed/update/urn%3Ali%3Aactivity%3A6813218769914097664,"Do it all the god damn time, my wife (Valeriia Kiparenko) hates me for this 😅"
2021-06-27 10:37:29,https://www.linkedin.com/feed/update/urn%3Ali%3AugcPost%3A6814732558996185088,David Bigness Jr.
2021-06-25 20:34:50,https://www.linkedin.com/feed/update/urn%3Ali%3AugcPost%3A6813029801843068928,Ralph Aboujaoude Diaz 🤷🏻‍♂️
2021-06-24 19:17:50,https://www.linkedin.com/feed/update/urn%3Ali%3Aactivity%3A6813897275971129344,"It’s an increadable experience, watching how idea becomes tangible value! 🤜🤛"
2021-06-24 13:56:00,https://www.linkedin.com/feed/update/urn%3Ali%3AugcPost%3A6813826324650614784,Thanks Barron! 🤜🤛
2021-06-24 07:25:54,https://www.linkedin.com/feed/update/urn%3Ali%3AugcPost%3A6813377339834036224,Ralph Aboujaoude Diaz
2021-06-23 15:39:13,https://www.linkedin.com/feed/update/urn%3Ali%3Aactivity%3A6813036541850501120,Oleksandr Shelegeda Nope
2021-06-22 09:53:36,https://www.linkedin.com/feed/update/urn%3Ali%3Aactivity%3A6811580469008748544,"Those who don’t adapt, will end up in the office...alone..."
2021-06-21 07:56:41,https://www.linkedin.com/feed/update/urn%3Ali%3Aactivity%3A6812429170946187264,Here is the stage 😆
2021-06-19 07:30:54,https://www.linkedin.com/feed/update/urn%3Ali%3Aactivity%3A6811726120803815424,"I am European, and I can confirm that I don’t check emails while OoO but I know people who say they are Europeans as well but they reply emails when they are supposed to be asleep, sick or with their significant other across the globe 🌎 on holidays. I suspect they are Americans under cover 😎"
2021-06-19 07:27:19,https://www.linkedin.com/feed/update/urn%3Ali%3Aactivity%3A6811726120803815424,"Lee, that’s how I would’ve know that you are American 🇺🇸"
2021-06-18 10:26:38,https://www.linkedin.com/feed/update/urn%3Ali%3Aactivity%3A6811405902571216896,Leave it
2021-06-17 09:42:56,https://www.linkedin.com/feed/update/urn%3Ali%3Aactivity%3A6808652836495327232,"Че вы ржёте, физиогномика реальная тема! 😏 Я только что прочитал статью о том что величина зрачка отражает уровень развития! Anastasia, перешли статью коллеге, пускай знает что она все делает правильно 👍 

https://bigthink.com/surprising-science/pupil-size-intelligence"
2021-06-15 09:18:53,https://www.linkedin.com/feed/update/urn%3Ali%3Aactivity%3A6810492189488111616,"Ralph, isn’t it how it works? 🧐"
2021-06-11 08:06:20,https://www.linkedin.com/feed/update/urn%3Ali%3AugcPost%3A6809018052932370432,"Romuald, only if you deal with designing, implementing and managing metrics."
2021-06-11 06:32:06,https://www.linkedin.com/feed/update/urn%3Ali%3Aactivity%3A6808951710287982592,一视同仁
2021-06-10 14:21:59,https://www.linkedin.com/feed/update/urn%3Ali%3Aactivity%3A6805186421385773056,"David, the way book is organized helps to progress without pressure of volume of information. However, it’s a bit difficult to read for someone who never dealt with testing ideas💡(like myself) so at times lack of examples leaves me wondering what authors wanted to say."
2021-06-09 08:59:29,https://www.linkedin.com/feed/update/urn%3Ali%3Aactivity%3A6805991863431127040,"David, just in progress reading this book (Polish edition) 🤓"
2021-06-08 08:28:27,https://www.linkedin.com/feed/update/urn%3Ali%3Aactivity%3A6807939458080497664,"IdeaSoft.io, guys you are awesome 🤜🤛"
2021-06-06 10:50:15,https://www.linkedin.com/feed/update/urn%3Ali%3Aactivity%3A6803955185472286720,Ralph Aboujaoude Diaz ☝️
2021-06-06 10:48:33,https://www.linkedin.com/feed/update/urn%3Ali%3AugcPost%3A6807236362262196225,"God, I hate it"
2021-06-06 06:41:10,https://www.linkedin.com/feed/update/urn%3Ali%3Aactivity%3A6806812980743815168,Legal stands no chance against sales 😎
2021-06-06 06:36:50,https://www.linkedin.com/feed/update/urn%3Ali%3Aactivity%3A6807081057675022336,I want to see exhaustive list))
2021-06-01 10:56:52,https://www.linkedin.com/feed/update/urn%3Ali%3Aactivity%3A6805445728308121600,Diagrams!
2021-06-01 07:12:06,https://www.linkedin.com/feed/update/urn%3Ali%3Aactivity%3A6803015741827371008,Valeriia Kiparenko с двумя симками? 🤔
2021-05-30 17:06:07,https://www.linkedin.com/feed/update/urn%3Ali%3AugcPost%3A6790699578049011712,"Ashley, watching it right now!)"
2021-05-29 08:58:10,https://www.linkedin.com/feed/update/urn%3Ali%3Aactivity%3A6804329888577839104,Korsikov Consulting Limited
2021-05-25 07:49:26,https://www.linkedin.com/feed/update/urn%3Ali%3Aactivity%3A6802862859081580544,Korsikov Consulting Limited
2021-05-19 10:50:43,https://www.linkedin.com/feed/update/urn%3Ali%3Aactivity%3A6800700223384543232,"Well done mate!"
2021-05-12 07:43:45,https://www.linkedin.com/feed/update/urn%3Ali%3Aactivity%3A6798150546260844544,Korsikov Consulting Limited
2021-05-07 08:14:55,https://www.linkedin.com/feed/update/urn%3Ali%3Aactivity%3A6796232379347406848,Valeriia Kiparenko
2021-05-06 19:06:07,https://www.linkedin.com/feed/update/urn%3Ali%3Aactivity%3A6795675929348714496,Oleksandr Shelegeda
2021-05-04 18:05:35,https://www.linkedin.com/feed/update/urn%3Ali%3AugcPost%3A6795383483360395264,That is so cool! Thanks Gabe!
2021-04-29 22:51:11,https://www.linkedin.com/feed/update/urn%3Ali%3Aactivity%3A6793164329479938048,Oleksandr Shelegeda
2021-04-28 08:38:44,https://www.linkedin.com/feed/update/urn%3Ali%3AugcPost%3A6791268298001567744,Damn you Junior!
2021-04-27 07:08:20,https://www.linkedin.com/feed/update/urn%3Ali%3Aactivity%3A6790416496750342144,Burak Keserkaya
2021-04-22 08:47:09,https://www.linkedin.com/feed/update/urn%3Ali%3Aactivity%3A6790694824992403456,Oleksandr Shelegeda reminds you anyone?
2021-04-22 07:59:46,https://www.linkedin.com/feed/update/urn%3Ali%3AugcPost%3A6790245245956218880,I was actually reading about gateways! 😅
2021-04-21 14:10:46,https://www.linkedin.com/feed/update/urn%3Ali%3AugcPost%3A6777536028606570497,Oleksandr Shelegeda
2021-04-20 06:33:19,https://www.linkedin.com/feed/update/urn%3Ali%3Aactivity%3A6790123801041608704,"Josh, I spoke with numerous IT Project Managers in China and they all emphasize effort and hard work over efficiency."
2021-04-17 17:25:23,https://www.linkedin.com/feed/update/urn%3Ali%3Aactivity%3A6789237310073434112,Korsikov Consulting Limited
2021-04-16 20:55:10,https://www.linkedin.com/feed/update/urn%3Ali%3Aactivity%3A6788624107538919424,"Kyryl, another month and you will do it with even greater score!"
2021-04-12 06:42:33,https://www.linkedin.com/feed/update/urn%3Ali%3Aactivity%3A6782538820266033152,Ralph Aboujaoude Diaz ☝️
2021-04-08 07:10:10,https://www.linkedin.com/feed/update/urn%3Ali%3Aactivity%3A6785820993127538688,Korsikov Consulting Limited
2021-04-05 18:49:02,https://www.linkedin.com/feed/update/urn%3Ali%3Aactivity%3A6784890928290172928,"Absolutely fabulous addition, Piotr!"
2021-04-05 16:43:40,https://www.linkedin.com/feed/update/urn%3Ali%3Aactivity%3A6782295517398368256,Apper.inter 🤦‍♂️😂
2021-04-05 11:31:09,https://www.linkedin.com/feed/update/urn%3Ali%3Aactivity%3A6782589827998089216,Valeriia Kiparenko
2021-04-05 09:20:42,https://www.linkedin.com/feed/update/urn%3Ali%3Aactivity%3A6784765201918038017,Oleksandr Shelegeda
2021-04-04 06:17:50,https://www.linkedin.com/feed/update/urn%3Ali%3Aactivity%3A6784358256321073152,Korsikov Consulting Limited
2021-03-31 17:50:56,https://www.linkedin.com/feed/update/urn%3Ali%3Aactivity%3A6783049032399929344,"Wojciech Król, not at all, I just know you are fan of Dilbert)"
2021-03-31 16:02:03,https://www.linkedin.com/feed/update/urn%3Ali%3Aactivity%3A6783049032399929344,Wojciech Król
2021-03-30 08:20:31,https://www.linkedin.com/feed/update/urn%3Ali%3Aactivity%3A6781289535645982720,Burak Keserkaya
2021-03-24 08:30:44,https://www.linkedin.com/feed/update/urn%3Ali%3Aactivity%3A6780398025371107328,Oleksandr Shelegeda 🤦‍♂️😆
2021-03-24 08:17:04,https://www.linkedin.com/feed/update/urn%3Ali%3Aactivity%3A6780398025371107328,Blue pill!
2021-03-23 10:05:43,https://www.linkedin.com/feed/update/urn%3Ali%3Aactivity%3A6780035232398614528,Good job BUT...
2021-03-21 19:03:50,https://www.linkedin.com/feed/update/urn%3Ali%3Aactivity%3A6779459453914779648,Nope
2021-03-21 15:12:20,https://www.linkedin.com/feed/update/urn%3Ali%3Aactivity%3A6778256717340901376,Kimberly Nix
2021-03-21 14:54:21,https://www.linkedin.com/feed/update/urn%3Ali%3Aactivity%3A6779341618169307136,"Sergey Denisyuk кидай ещё, а то стандартный контент уже приелся 🙂"
2021-03-21 13:58:04,https://www.linkedin.com/feed/update/urn%3Ali%3Aactivity%3A6779341618169307136,Sergey Denisyuk
2021-03-21 08:45:33,https://www.linkedin.com/feed/update/urn%3Ali%3AgroupPost%3A81780-6776546071645687808,Great article Efrain!
2021-03-06 18:49:06,https://www.linkedin.com/feed/update/urn%3Ali%3AugcPost%3A6774010087922032640,"Burak, güçlü kal kardeşim"
2021-03-06 16:09:38,https://www.linkedin.com/feed/update/urn%3Ali%3Aactivity%3A6773443821880537090,"Congratulations Akriti, बहुत बढ़िया!"
2021-03-03 10:55:35,https://www.linkedin.com/feed/update/urn%3Ali%3Aactivity%3A6772084849940430848,Arkadiusz Felczyński
2021-02-28 08:41:30,https://www.linkedin.com/feed/update/urn%3Ali%3Aactivity%3A6770282992578428928,Katarzyna ☝️😅
2021-02-28 08:35:50,https://www.linkedin.com/feed/update/urn%3Ali%3Aactivity%3A6771158633637019648,Ralph Aboujaoude Diaz
2021-02-26 09:24:54,https://www.linkedin.com/feed/update/urn%3Ali%3Aactivity%3A6770977951312859136,"Alex, seven years!? and you are still alive?! National Health System is a miracle ;)"
2021-02-25 09:54:27,https://www.linkedin.com/feed/update/urn%3Ali%3Aactivity%3A6770564759541706752,Ant 🐜 is not technically a startup
2021-02-24 18:41:08,https://www.linkedin.com/feed/update/urn%3Ali%3Aactivity%3A6770159162056810496,Oleksandr
2021-02-24 18:40:21,https://www.linkedin.com/feed/update/urn%3Ali%3Aactivity%3A6770304748018044928,Юра жги! 🤜🤛
2021-02-23 15:34:10,https://www.linkedin.com/feed/update/urn%3Ali%3Aactivity%3A6769933312187236352,Alex Zhukovich
2021-02-19 13:19:56,https://www.linkedin.com/feed/update/urn%3Ali%3Aactivity%3A6768387679265677312,"Adrian, thanks for sharing! 🤜🤛"
2021-02-11 15:28:21,https://www.linkedin.com/feed/update/urn%3Ali%3Aactivity%3A6765637077678776320,"😀  prank of the day, come to the office anyway"
2021-02-11 10:34:56,https://www.linkedin.com/feed/update/urn%3Ali%3Aactivity%3A6765550514244481024,Oleksandr Shelegeda
2021-02-11 10:23:23,https://www.linkedin.com/feed/update/urn%3Ali%3Aactivity%3A6765574272267128832,Is there going to be a party 🎉?)
2021-02-07 21:15:14,https://www.linkedin.com/feed/update/urn%3Ali%3Aactivity%3A6764161501096878080,Oleksandr Shelegeda
2021-02-04 20:49:14,https://www.linkedin.com/feed/update/urn%3Ali%3Aactivity%3A6763102845739827200,Oleksandr Shelegeda
2021-02-02 12:13:44,https://www.linkedin.com/feed/update/urn%3Ali%3Aactivity%3A6762317189925146625,"Elena, I used materials provided by CFA Institute  and those provided by EY Academy of Business (where I was preparing for the exam). Arthur Sorochinsky, CFA was the one who prepared materials at EY as our trainer, perhaps he can share his opinion)"
2021-01-26 20:19:33,https://www.linkedin.com/feed/update/urn%3Ali%3Aactivity%3A6759898192088834048,"Well done Maciej, goddamn learning machine!"
2021-01-26 13:22:37,https://www.linkedin.com/feed/update/urn%3Ali%3Aactivity%3A6759810218789523456,Katarzyna Plakwicz - chce ta robotę ))
2021-01-25 20:19:54,https://www.linkedin.com/feed/update/urn%3Ali%3Aactivity%3A6759382970798276608,Alicja Wójciak
2021-01-16 12:56:47,https://www.linkedin.com/feed/update/urn%3Ali%3Aactivity%3A6756163400356651008,"Наверное Александр Кукуть знает что-то чего не знаем мы все, и конечно эти знания должны помочь ему заработать на коротких позициях Теслы 👍"
2021-01-11 09:40:39,https://www.linkedin.com/feed/update/urn%3Ali%3Aactivity%3A6754102324127399936,Oleksandr Shelegeda
2021-01-07 18:51:54,https://www.linkedin.com/feed/update/urn%3Ali%3Aactivity%3A6752988372341452801,Well deserved! 👍
2021-01-06 18:06:24,https://www.linkedin.com/feed/update/urn%3Ali%3Aactivity%3A6752140330461601792,here here !
2021-01-05 08:47:15,https://www.linkedin.com/feed/update/urn%3Ali%3Aactivity%3A6751930965821669376,"Joydeep Roy, when I noticed your new title, I thought of Alien vs Predator)"
2021-01-03 15:16:01,https://www.linkedin.com/feed/update/urn%3Ali%3Aactivity%3A6751030279839744000,"Oleksandr, вот прям мое резюме состоит из этих покушений на убийство 🤦‍♂️"
2020-12-31 20:24:03,https://www.linkedin.com/feed/update/urn%3Ali%3AugcPost%3A6750439749443575808,"Ralph, you gotta stop my abs hurt 😅"
2020-12-30 17:06:48,https://www.linkedin.com/feed/update/urn%3Ali%3Aactivity%3A6747498891098361856,🤦‍♂️ true story
2020-12-29 09:54:03,https://www.linkedin.com/feed/update/urn%3Ali%3Aactivity%3A6749583784909271040,"IdeaSoft.io , that is a long list of achievements despite the environment! Well done guys and all the best in the new year!"
2020-12-27 13:22:23,https://www.linkedin.com/feed/update/urn%3Ali%3Aactivity%3A6744525294830424064,"Viktor, nicely written article 🤜🤛"
2020-12-27 13:18:27,https://www.linkedin.com/feed/update/urn%3Ali%3Aactivity%3A6747063113998237696,Magical bankruptcy! 🪄
2020-12-27 10:46:09,https://www.linkedin.com/feed/update/urn%3Ali%3Aactivity%3A6748905572499771393,"Casa, good summary!"
2020-12-27 09:43:03,https://www.linkedin.com/feed/update/urn%3Ali%3Aactivity%3A6748895385567203328,"Another, long lasting, path completed:"
2020-12-24 14:04:27,https://www.linkedin.com/feed/update/urn%3Ali%3Aactivity%3A6747874348029263872,I started a path over a year ago and finally finished it:
2020-12-24 13:48:44,https://www.linkedin.com/feed/update/urn%3Ali%3Aactivity%3A6747847649816391680,Valeriia Kiparenko
2020-12-24 10:08:14,https://www.linkedin.com/feed/update/urn%3Ali%3Aactivity%3A6745535535722311680,"Таня, 8 в китайской культуре счастливое число, так что наверняка жди джек пот)"
2020-12-22 12:09:07,https://www.linkedin.com/feed/update/urn%3Ali%3AugcPost%3A6747118916994179072,Well done girly! 🤜🤛
2020-12-21 12:06:08,https://www.linkedin.com/feed/update/urn%3Ali%3Aactivity%3A6746721639574065152,"Derek, you make me look up words in a dictionary 😅"
2020-12-19 08:09:57,https://www.linkedin.com/feed/update/urn%3Ali%3Aactivity%3A6745887509034749952,Chinese wisdom never stop impressing me.
2020-12-18 11:26:25,https://www.linkedin.com/feed/update/urn%3Ali%3AugcPost%3A6745650191430422528,חנוכה שמח!
2020-12-16 11:54:16,https://www.linkedin.com/feed/update/urn%3Ali%3Aactivity%3A6744913695157051393,"Derek, as an Agile coach, I’d take results for faith; at the end of the day, my job is to implement methodology and not to scrutinize accuracy of the results."
2020-12-16 11:20:30,https://www.linkedin.com/feed/update/urn%3Ali%3Aactivity%3A6744913695157051393,"It’s a double edged sword 🗡 situation. On one hand Mark is in pure violation of ethics AND even forging results BUT on the other hand, he has good intentions as Agile implementation is something which will most probably benefit organization more than Mark himself."
2020-12-15 14:40:52,https://www.linkedin.com/feed/update/urn%3Ali%3AugcPost%3A6744614284057165824,"Natalia, how was it? Anything interesting?"
2020-12-15 13:04:37,https://www.linkedin.com/feed/update/urn%3Ali%3Aactivity%3A6744574230869889024,Derek Davidson did you try both desktop and app versions?
2020-12-15 12:53:38,https://www.linkedin.com/feed/update/urn%3Ali%3Aactivity%3A6744574230869889024,"Derek, I got this sort of graph:"
2020-12-14 19:56:53,https://www.linkedin.com/feed/update/urn%3Ali%3Aactivity%3A6744197547813847040,Thanks mate for sharing 🤜🤛
2020-12-12 10:37:40,https://www.linkedin.com/feed/update/urn%3Ali%3Aactivity%3A6743432126852603904,Monday! It is f@#3ed up any way.
2020-12-11 19:27:13,https://www.linkedin.com/feed/update/urn%3Ali%3Aactivity%3A6743152255349923840,#CHANGE is the word of the year 2020. Thank you Emma! ⭐️
2020-12-09 18:13:31,https://www.linkedin.com/feed/update/urn%3Ali%3AugcPost%3A6742498674242281472,"Natalia, you are a god damn learning machine!!!"
2020-12-03 18:10:15,https://www.linkedin.com/feed/update/urn%3Ali%3Aactivity%3A6738301234370891776,What a dedicated employee! Thank you Katarzyna!
2020-12-03 12:43:10,https://www.linkedin.com/feed/update/urn%3Ali%3Aactivity%3A6740243491101708288,Took some time but I made it:
2020-12-02 11:08:14,https://www.linkedin.com/feed/update/urn%3Ali%3Aactivity%3A6739856981437296640,Took me some time but I finally made it.
2020-12-01 16:32:35,https://www.linkedin.com/feed/update/urn%3Ali%3Aactivity%3A6739575641022230528,Learning is the best therapy.
2020-11-23 10:28:50,https://www.linkedin.com/feed/update/urn%3Ali%3Aactivity%3A6736562923520483328,And the certificate;)
2020-11-19 10:13:06,https://www.linkedin.com/feed/update/urn%3Ali%3Aactivity%3A6734998125003591680,"Well done, Kimberly!"
2020-11-12 07:29:53,https://www.linkedin.com/feed/update/urn%3Ali%3Aactivity%3A6732430702773575681,Oleksandr Shelegeda
2020-11-09 18:51:03,https://www.linkedin.com/feed/update/urn%3Ali%3Aactivity%3A6729604293852196874,"Jędrzej, good reason to have some 🥃"
2020-11-07 19:01:54,https://www.linkedin.com/feed/update/urn%3Ali%3Aarticle%3A8987298515279302654,True story
2020-11-07 12:11:56,https://www.linkedin.com/feed/update/urn%3Ali%3Aactivity%3A6730610838945755136,"Mykola, I tell you what, me and my wife (Valeriia) pretending like we live in “The Walking Dead” tv-series. Yesterday I bought an axe (you should’ve seen face of cashier in Biedronka and my wife bought a hummer 🔨. In the evening we like to count number of food cans🥫we still have and estimate how long we will survive on current food supply 🧟‍♂️ 🧟‍♀️ #TWD"
2020-11-06 10:12:15,https://www.linkedin.com/feed/update/urn%3Ali%3Aactivity%3A6730404694256054272,Thank you Emma for reminding us of simple yet make-sense rules.
2020-11-02 19:09:58,https://www.linkedin.com/feed/update/urn%3Ali%3Aactivity%3A6729072001505357826,"Congrats mate, it’s a good company, hope it will appreciate your skills!"
2020-10-31 20:22:23,https://www.linkedin.com/feed/update/urn%3Ali%3Aactivity%3A6728397552829423617,Fab news! Congratulations!
2020-10-25 09:07:23,https://www.linkedin.com/feed/update/urn%3Ali%3Aactivity%3A6726055395497959424,Pluralsight is doing awesome job:
2020-10-22 08:11:01,https://www.linkedin.com/feed/update/urn%3Ali%3Aactivity%3A6724943871685517312,вот прям в точку
2020-10-20 11:57:46,https://www.linkedin.com/feed/update/urn%3Ali%3Aactivity%3A6724236360183554049,"Considering how many IT automation projects they run at the same time, not surprisingly."
2020-10-17 16:39:30,https://www.linkedin.com/feed/update/urn%3Ali%3Aactivity%3A6723261284839628800,"Chris, slightly, just a little bit 😅"
2020-10-17 11:58:50,https://www.linkedin.com/feed/update/urn%3Ali%3Aactivity%3A6723200183959646208,"Ann, thought of you right away)"
2020-10-15 09:45:36,https://www.linkedin.com/feed/update/urn%3Ali%3Aactivity%3A6721864549445771264,"Heather, even after dozens of courses on BA and elicitation, my learning checks are not 100% (for your course - 80% 🤓), most of the time I fail on area related to workshops so I’m not sure if I simply underestimate complexity of this technique or it’s not my thing."
2020-10-13 20:42:48,https://www.linkedin.com/feed/update/urn%3Ali%3Aactivity%3A6721882453830705152,"Sergei, how accurate are the estimates?"
2020-10-12 14:45:24,https://www.linkedin.com/feed/update/urn%3Ali%3Aactivity%3A6720988595362045952,I did indeed! 🤜🤛
2020-10-11 14:09:02,https://www.linkedin.com/feed/update/urn%3Ali%3Aactivity%3A6720399426164178944,"Omar Obeidat must agree to that, I have to smoke two a day now and used to smoke once a week."
2020-10-11 07:33:26,https://www.linkedin.com/feed/update/urn%3Ali%3Aactivity%3A6720399426164178944,"Omar, I agree my friend, been smoking shisha for years, even when was preparing for marathon but can’t stop as point 10 from your list actually works the other way for me. I smoke to release stress :/"
2020-10-11 05:38:45,https://www.linkedin.com/feed/update/urn%3Ali%3Aactivity%3A6720399426164178944,"Omar, maybe you have allergy to shisha?)"
2020-10-10 13:09:30,https://www.linkedin.com/feed/update/urn%3Ali%3Aactivity%3A6720471420587061248,Thank you Emma!
2020-10-06 20:46:31,https://www.linkedin.com/feed/update/urn%3Ali%3Aactivity%3A6719315925914456064,I think executive briefing is a great type of courses. Straight to the point in very simple words!
2020-10-05 17:31:30,https://www.linkedin.com/feed/update/urn%3Ali%3Aactivity%3A6718900077936689152,"True story, too many goddamn messengers"
2020-10-02 13:38:22,https://www.linkedin.com/feed/update/urn%3Ali%3Aactivity%3A6717772689823690752,Wei (Will) Jia 可喜可贺
2020-10-01 18:52:41,https://www.linkedin.com/feed/update/urn%3Ali%3Aactivity%3A6717490386811576320,"Well done, you deserved it!"
2020-09-30 10:30:46,https://www.linkedin.com/feed/update/urn%3Ali%3Aactivity%3A6714919505858060288,"Katarzyna, Mark I think you are the ones asking the question)"
2020-09-29 06:49:42,https://www.linkedin.com/feed/update/urn%3Ali%3AugcPost%3A6716436563590451200,"Neel, I wonder why video is only 9 seconds long..."
2020-09-26 09:19:40,https://www.linkedin.com/feed/update/urn%3Ali%3AugcPost%3A6712655705817575424,Was it any good?
2020-08-31 15:59:11,https://www.linkedin.com/feed/update/urn%3Ali%3AugcPost%3A6706210784986431488,"«nothing replaces human contact, nothing” (c)"
2020-08-31 06:50:51,https://www.linkedin.com/feed/update/urn%3Ali%3Aactivity%3A6701081918617792512,Valeriia Kiparenko
2020-08-31 06:50:35,https://www.linkedin.com/feed/update/urn%3Ali%3Aactivity%3A6701081918617792512,Crying out loud! 😅
2020-08-25 20:08:36,https://www.linkedin.com/feed/update/urn%3Ali%3Aactivity%3A6704095195526422528,"I already added list of your recommended courses to my list) Great content Derek, you are a natural trainer, thank you!"
2020-08-21 12:40:19,https://www.linkedin.com/feed/update/urn%3Ali%3Aactivity%3A6702507324596097024,"Martin, another one is - let’s create a group to promote wellbeing."
2020-08-21 06:22:54,https://www.linkedin.com/feed/update/urn%3Ali%3AugcPost%3A6701936131216334848,Funny as F@#$ 😅
2020-08-19 18:43:57,https://www.linkedin.com/feed/update/urn%3Ali%3AugcPost%3A6701909074436489216,"Stuart, how was it?"
2020-08-19 17:36:18,https://www.linkedin.com/feed/update/urn%3Ali%3Aactivity%3A6700953941443665924,"Damn, you get less for manslaughter 🔫"
2020-08-19 08:54:01,https://www.linkedin.com/feed/update/urn%3Ali%3Aactivity%3A6701131374163767296,"Mark, it is that moment when I regret not being a marketing guy, that’s how much I like Pluralsight✌️"
2020-08-16 11:19:19,https://www.linkedin.com/feed/update/urn%3Ali%3Aactivity%3A6700721681528369152,And the certificate! ;)
2020-08-16 11:00:54,https://www.linkedin.com/feed/update/urn%3Ali%3Aactivity%3A6699354889329369088,"Szymon, use it for your #SQL training we discussed"
2020-08-16 10:59:54,https://www.linkedin.com/feed/update/urn%3Ali%3Aactivity%3A6699354889329369088,"Pluralsight , you are so sweet! 🍭"
2020-08-14 14:04:37,https://www.linkedin.com/feed/update/urn%3Ali%3Aactivity%3A6699636041810345984,"Pantelis, how dare they to reject my paper 🧻 ?! 😅"
2020-08-13 18:39:06,https://www.linkedin.com/feed/update/urn%3Ali%3AugcPost%3A6699618972356108288,"David, I’m sure you don’t need luck in your new role, just show them the skill!"
2020-08-13 15:03:11,https://www.linkedin.com/feed/update/urn%3Ali%3Aactivity%3A6699680662879842304,"True story, thank you Daria! 🤜🤛"
2020-08-11 05:33:47,https://www.linkedin.com/feed/update/urn%3Ali%3Aactivity%3A6694644650843656192,Małgorzata Kuligowska
2020-08-08 08:07:47,https://www.linkedin.com/feed/update/urn%3Ali%3Aactivity%3A6697718392633348096,"Josh, this is a clear shooting your own leg"
2020-08-07 19:21:36,https://www.linkedin.com/feed/update/urn%3Ali%3AugcPost%3A6697537903607861252,"Gary va Simon, Gary was a better listener 😅"
2020-08-06 16:57:34,https://www.linkedin.com/feed/update/urn%3Ali%3Aactivity%3A6697155233677635584,"Well, when I see Ukrainian IT companies being approved by ACCA Ukraine and Caucasus States, that tells me a lot. 

First of all, those IT companies are ready to go transparent (and give up grey and dodgy practices they used so far). 

Secondly, #ACCA is recognized as organization which supplies talent and IT industry knows it all about hardship of talent acquisition. 

 Denys, thanks for the job well done 👍"
2020-08-06 09:19:10,https://www.linkedin.com/feed/update/urn%3Ali%3Aactivity%3A6697006313349660672,Małgorzata Kuligowska
2020-08-06 05:33:35,https://www.linkedin.com/feed/update/urn%3Ali%3Aactivity%3A6696893236243374080,Arkadiusz Felczyński
2020-08-02 20:17:20,https://www.linkedin.com/feed/update/urn%3Ali%3Aactivity%3A6694987214855696384,"Thanks Adrian, simple yet “delicious”"
2020-08-02 20:15:51,https://www.linkedin.com/feed/update/urn%3Ali%3Aactivity%3A6694982529956528129,"Trevor Noah?! Wow! 
Anton Check this out!"
2020-08-02 11:33:09,https://www.linkedin.com/feed/update/urn%3Ali%3Aactivity%3A6695321945052913664,"well done mate!"
2020-07-31 07:21:46,https://www.linkedin.com/feed/update/urn%3Ali%3Aactivity%3A6694846157253861376,Artem Shamraiev 🍕🍺
2020-07-28 12:13:23,https://www.linkedin.com/feed/update/urn%3Ali%3Aactivity%3A6693770660583403520,There will be no dividend payout this year 💰
2020-07-24 08:35:50,https://www.linkedin.com/feed/update/urn%3Ali%3AugcPost%3A6692328992931889152,"Kamil, you’ve got another superpower!)"
2020-07-19 19:43:42,https://www.linkedin.com/feed/update/urn%3Ali%3Aactivity%3A6687257155806007296,"Prof. S. Kwok, do you mean that manager should be aware of actual state of affairs or just for the sake of conformity?"
2020-07-19 19:41:57,https://www.linkedin.com/feed/update/urn%3Ali%3Aactivity%3A6687257155806007296,"Alicja, who do you think should be in the copy? [it’s a serious question 🤓]"
2020-07-15 14:43:12,https://www.linkedin.com/feed/update/urn%3Ali%3AugcPost%3A6689144944591949824,Yasser Hammami - Prince2®
2020-07-12 10:15:26,https://www.linkedin.com/feed/update/urn%3Ali%3Aactivity%3A6686525254254301184,Oleksandr Shelegeda desk 😅
2020-07-10 09:21:32,https://www.linkedin.com/feed/update/urn%3Ali%3Aactivity%3A6687281332688609280,Crying out loud. Level of irony - God 😅
2020-07-10 06:48:20,https://www.linkedin.com/feed/update/urn%3Ali%3Aactivity%3A6684043519591501824,Oleksandr Shelegeda
2020-07-08 07:06:04,https://www.linkedin.com/feed/update/urn%3Ali%3Aactivity%3A6686525254254301184,"Blimey, I’m glad GSK let’s me visit office"
2020-07-07 19:06:46,https://www.linkedin.com/feed/update/urn%3Ali%3Aactivity%3A6685800228358025216,"Been there, done that, bought a t-shirt. Thanks for sharing Matt!"
2020-06-28 13:26:57,https://www.linkedin.com/feed/update/urn%3Ali%3Aactivity%3A6682332407682658304,Nicely put Pascal!
2020-06-28 13:23:44,https://www.linkedin.com/feed/update/urn%3Ali%3Aactivity%3A6682952319564308480,"Arkadiusz, Oleksandr, Szymon take a look"
2020-06-27 13:24:06,https://www.linkedin.com/feed/update/urn%3Ali%3Aactivity%3A6682203262524948480,Great idea 💡
2020-06-27 10:26:15,https://www.linkedin.com/feed/update/urn%3Ali%3Aactivity%3A6682332407682658304,I think this was practiced for way to long
2020-06-26 17:18:44,https://www.linkedin.com/feed/update/urn%3Ali%3Aactivity%3A6682327756967055360,"For the record, Admiral Hyman G. Rickover, or “Nuclear Admiral”, was in charge of projects of nuclear power application in Navy (submarines and aircraft carriers) so he knew few things about management of resources."
2020-06-26 08:03:47,https://www.linkedin.com/feed/update/urn%3Ali%3Aactivity%3A6682188549623709696,Olga Bovt
2020-06-24 15:24:11,https://www.linkedin.com/feed/update/urn%3Ali%3Aactivity%3A6681573953883951104,and the certificate! :)
2020-06-23 13:02:50,https://www.linkedin.com/feed/update/urn%3Ali%3Aactivity%3A6681113130837381120,Oleksandr Shelegeda
2020-06-23 07:51:11,https://www.linkedin.com/feed/update/urn%3Ali%3AugcPost%3A6673877922631192576,"Wojciech, your attention to details is remarkable!"
2020-06-22 12:57:50,https://www.linkedin.com/feed/update/urn%3Ali%3Aactivity%3A6680302078105018368,Burak Keserkaya
2020-06-18 07:42:12,https://www.linkedin.com/feed/update/urn%3Ali%3Aactivity%3A6679156279556026368,Steve you never stop inspiring me with your energy!
2020-06-16 08:00:36,https://www.linkedin.com/feed/update/urn%3Ali%3Aactivity%3A6678563321777545216,"Good job, and keep your enthusiasms running 🏃🏻"
2020-06-15 08:06:35,https://www.linkedin.com/feed/update/urn%3Ali%3Aactivity%3A6677241855593193473,"Vasyl Harasymiv, when do we see your picture with Mask at the pub?)"
2020-06-11 12:53:36,https://www.linkedin.com/feed/update/urn%3Ali%3Aactivity%3A6676412896110485504,"Joanna Jędryka-Barszcz I never knew how to prepare those, slide becomes infographic which means presenter is not needed and I kinda struggle with the idea of becoming obsolete because my slide is so great 😅"
2020-06-11 07:30:46,https://www.linkedin.com/feed/update/urn%3Ali%3Aactivity%3A6676412896110485504,2 hours for one slide only!)
2020-06-10 14:26:54,https://www.linkedin.com/feed/update/urn%3Ali%3Aactivity%3A6676412896110485504,"Kinda hard to do it online or on YouTube)"
2020-06-06 14:42:29,https://www.linkedin.com/feed/update/urn%3Ali%3Aactivity%3A6674293027948765184,"ACCA wedding.., I like that but need to talk to my wife first :)"
2020-06-06 08:44:52,https://www.linkedin.com/feed/update/urn%3Ali%3Aactivity%3A6674918895045943296,"Damn, that is true"
2020-06-05 10:06:57,https://www.linkedin.com/feed/update/urn%3Ali%3Aactivity%3A6674151887014522881,"Great career progression, Monika Zimny , your example shows us that where there is will, there is a way!"
2020-06-03 13:57:06,https://www.linkedin.com/feed/update/urn%3Ali%3AugcPost%3A6673877922631192576,COVID style
2020-06-03 13:46:44,https://www.linkedin.com/feed/update/urn%3Ali%3AugcPost%3A6673877922631192576,"Thanks Magda Oleksiuk, FCCA for invite and for showing around!"
2020-06-02 10:20:14,https://www.linkedin.com/feed/update/urn%3Ali%3Aactivity%3A6673500090809778176,Thank you Sebastien!
2020-06-02 09:18:00,https://www.linkedin.com/feed/update/urn%3Ali%3Aactivity%3A6673500090809778176,"Oleksandr Shelegeda, thanks bro 😅"
2020-06-01 17:37:53,https://www.linkedin.com/feed/update/urn%3Ali%3Aactivity%3A6673174168894222336,"There is a need for another dimension to represent relative importance of each sets of data, depending on time of the day"
2020-06-01 16:01:40,https://www.linkedin.com/feed/update/urn%3Ali%3Aactivity%3A6673243796412612608,"Richard Parkin , hope you will have fun!"
2020-05-25 06:01:57,https://www.linkedin.com/feed/update/urn%3Ali%3Aactivity%3A6666901667000258561,加油
2020-05-23 08:17:12,https://www.linkedin.com/feed/update/urn%3Ali%3AugcPost%3A6669870794895585280,And the course contributes towards personal development under Project Management Institute ;)
2020-05-22 10:56:26,https://www.linkedin.com/feed/update/urn%3Ali%3AugcPost%3A6669521113971740672,Any specific core ideas?
2020-05-15 12:27:02,https://www.linkedin.com/feed/update/urn%3Ali%3AugcPost%3A6666854095183343616,"I am sure there are people who could it daily))"
2020-05-12 08:10:59,https://www.linkedin.com/feed/update/urn%3Ali%3Aactivity%3A6665866589637869568,"Volodymyr Matvieiev monitor vacancies here, I know the team, could be something you are looking for"
2020-05-07 18:04:51,https://www.linkedin.com/feed/update/urn%3Ali%3Aactivity%3A6664216101662142464,😂 that recruiter is real somebody
2020-05-07 09:53:00,https://www.linkedin.com/feed/update/urn%3Ali%3Aactivity%3A6664070003924455425,Platon Borodatyi what do you think?
2020-05-06 13:55:25,https://www.linkedin.com/feed/update/urn%3Ali%3Aactivity%3A6663330598796480512,What is next?
2020-05-04 10:25:04,https://www.linkedin.com/feed/update/urn%3Ali%3Aactivity%3A6663020205373030400,Поздравляю 🤜🤛
2020-05-01 07:18:17,https://www.linkedin.com/feed/update/urn%3Ali%3Aactivity%3A6661269178621788160,"IdeaSoft.io, great portfolio!"
2020-04-24 09:21:40,https://www.linkedin.com/feed/update/urn%3Ali%3Aactivity%3A6659181089078280192,"Yuliya Tymoshenko , you are a real “gogetter”!"
2020-04-16 19:36:08,https://www.linkedin.com/feed/update/urn%3Ali%3Aactivity%3A6656633718972661762,Jonathan Britton great idea 💡 today I heard that learning language during quarantine is the best investment you can make
2020-04-16 05:47:39,https://www.linkedin.com/feed/update/urn%3Ali%3Aactivity%3A6655452018829778945,"I worked at ADM , where all social media sites were blocked for access and mobile phones had to be left at the deposit box on entrance (for safety reasons though as it was a production plant)"
2020-04-15 11:25:00,https://www.linkedin.com/feed/update/urn%3Ali%3AugcPost%3A6656140123345948672,Jakub Turanski how was it?
2020-04-14 12:03:09,https://www.linkedin.com/feed/update/urn%3Ali%3Aactivity%3A6655765039200505856,"Chris Croft , you are a terminator! 🤖"
2020-04-12 13:29:59,https://www.linkedin.com/feed/update/urn%3Ali%3Aactivity%3A6654344610929786880,Valeriia Kiparenko
2020-04-12 13:29:17,https://www.linkedin.com/feed/update/urn%3Ali%3AugcPost%3A6654780090355933184,Nikhil Kansari how long did it take you to prepare for the exam?
2020-04-09 15:59:09,https://www.linkedin.com/feed/update/urn%3Ali%3Aactivity%3A6653519264059928576,"Guys, I starter doing Fundamentals of project management of Project Management Institute and can share some feedback:
1️⃣ it’s not easy to find where actual free courses are 🤔
2️⃣ courses are interactive and no chance to put it on and fall asleep like in LinkedIn Learning 
3️⃣ you have to take and pass (80%) tests before starting next level so no chance to complete just by listening like in Pluralsight 

Strongly recommend to do it before it is still FREE 💵"
2020-04-09 10:45:45,https://www.linkedin.com/feed/update/urn%3Ali%3AugcPost%3A6653306534396858368,"Wojciech Król , give me a brake ;)"
2020-04-07 11:07:52,https://www.linkedin.com/feed/update/urn%3Ali%3Aactivity%3A6653224997865304064,Oleksandr Shelegeda ☝️
2020-04-04 10:08:04,https://www.linkedin.com/feed/update/urn%3Ali%3Aactivity%3A6651662892565311488,"I thought you resigned from Infosys, are you working part time?)"
2020-03-28 16:10:00,https://www.linkedin.com/feed/update/urn%3Ali%3Aactivity%3A6649685002126786561,Hurray! 🍾🙌
2020-03-25 07:51:52,https://www.linkedin.com/feed/update/urn%3Ali%3Aactivity%3A6648237045191925760,Robert Yang good one 👍
2020-03-23 09:10:17,https://www.linkedin.com/feed/update/urn%3Ali%3AugcPost%3A6647663076697083905,"Anna Chen-iun-tai, in some cultures opening doors with legs is a regular thing (now it comes in handy 😅)"
2020-03-14 19:39:29,https://www.linkedin.com/feed/update/urn%3Ali%3Aactivity%3A6644617275565490177,"Like everybody else, Steve"
2020-03-14 12:49:04,https://www.linkedin.com/feed/update/urn%3Ali%3Aactivity%3A6644560020992204800,"Joseph Reger, that is a one big WoW 😲"
2020-03-10 12:36:02,https://www.linkedin.com/feed/update/urn%3Ali%3Aactivity%3A6643118189955821568,That hurts :(
2020-03-06 11:41:29,https://www.linkedin.com/feed/update/urn%3Ali%3Aactivity%3A6641642526988083200,"Boy oh boy, I need that one ☝️"
2020-03-06 07:40:33,https://www.linkedin.com/feed/update/urn%3Ali%3Aactivity%3A6640809470450511873,Is it a part time job?)
2020-03-05 23:34:20,https://www.linkedin.com/feed/update/urn%3Ali%3AgroupPost%3A96892-6641149989735194624,"Yulia Kosarenko entered career with top left corner, finding myself now in the bottom right (but probably with a bit different antonym of Team Spirit). Good illustration, thank you!"
2020-03-05 23:18:29,https://www.linkedin.com/feed/update/urn%3Ali%3Aactivity%3A6641300652569964544,Dianne Eldridge in 10 days I’ll be giving a speech and was counting on my improvisation skills but your post made me reconsider. Thanks for the tip! We need more posts like this one! 🙌
2020-03-05 11:16:55,https://www.linkedin.com/feed/update/urn%3Ali%3AugcPost%3A6641289623274307586,"Mauro Biondillo, you are very kind, thank you!"
2020-03-02 09:00:52,https://www.linkedin.com/feed/update/urn%3Ali%3Aactivity%3A6639501844488040448,"Hi Joanna Jędryka-Barszcz, and thanks for the cool 😎 ) it was a one off but the plan is to organize something once a month."
2020-02-27 07:17:52,https://www.linkedin.com/feed/update/urn%3Ali%3AugcPost%3A6636985166445199360,Crying out loud 😅
2020-02-23 09:37:38,https://www.linkedin.com/feed/update/urn%3Ali%3Aactivity%3A6636930827018215425,"In a battle 🥊of belief vs thought, last one is knocked out in a first round"
2020-02-18 07:01:15,https://www.linkedin.com/feed/update/urn%3Ali%3Aactivity%3A6635281419977441280,😂
2020-02-17 10:54:15,https://www.linkedin.com/feed/update/urn%3Ali%3Aactivity%3A6634807201674465280,Вопрос методологии ценообразования которая принята в компании. Это может быть cost + margin или рыночная цена («как у всех») без учета фактических расходов.
2020-02-14 11:12:37,https://www.linkedin.com/feed/update/urn%3Ali%3Aactivity%3A6633981700873433088,"Szymon Karwasz question tip - got it 👍
Own content - time consuming, but you are right"
2020-02-14 10:56:21,https://www.linkedin.com/feed/update/urn%3Ali%3Aactivity%3A6633981700873433088,"How do you trigger response? Even if I use questions in my posts, I rarely receive comments (which I badly need) :( "
2020-02-13 14:47:58,https://www.linkedin.com/feed/update/urn%3Ali%3Aactivity%3A6633681620345896960,ACCA Poland thanks for sharing!👍
2020-02-13 09:45:47,https://www.linkedin.com/feed/update/urn%3Ali%3Aactivity%3A6632838404788768768,"Jeff, I must tell you that I quote you more frequently than any other manager!"
2020-02-11 07:39:25,https://www.linkedin.com/feed/update/urn%3Ali%3Aactivity%3A6632484430998978560,"Sasha, you have to update your profile :)"
2020-02-08 01:56:09,https://www.linkedin.com/feed/update/urn%3Ali%3Aactivity%3A6631059749238554624,"Eddie, you watch too many movies, nothing to worry about (I hope)."
2020-02-07 18:24:33,https://www.linkedin.com/feed/update/urn%3Ali%3Aactivity%3A6629019605694320640,"Konrad Ptasiński, PhD with what issues can I contact you as a patent atterney?"
2020-02-07 10:30:31,https://www.linkedin.com/feed/update/urn%3Ali%3Aactivity%3A6631487075080249344,True story
2020-02-04 09:27:44,https://www.linkedin.com/feed/update/urn%3Ali%3Aactivity%3A6628247598673211392,Wow!
2020-02-03 10:54:09,https://www.linkedin.com/feed/update/urn%3Ali%3Aactivity%3A6630050001886294016,Most pleasant recruiter ever worked with 🤜🤛
2020-02-01 11:11:27,https://www.linkedin.com/feed/update/urn%3Ali%3Aactivity%3A6629327822508961792,That’s ma boy! 🤜🤛
2020-01-30 19:21:35,https://www.linkedin.com/feed/update/urn%3Ali%3Aactivity%3A6628630080568479744,Это стыд
2020-01-29 08:38:38,https://www.linkedin.com/feed/update/urn%3Ali%3AugcPost%3A6627887925713489920,😂
2020-01-28 14:45:03,https://www.linkedin.com/feed/update/urn%3Ali%3Aactivity%3A6627919928877953024,Deloitte is a great company and this partnership is an example of support they have for spreading knowledge. 
2020-01-24 22:46:52,https://www.linkedin.com/feed/update/urn%3Ali%3Aactivity%3A6625675978091958272,"Thanks Eduard Voloshyn , will give it a try next time 🤜🤛"
2020-01-24 12:55:48,https://www.linkedin.com/feed/update/urn%3Ali%3Aactivity%3A6626455152746381312,Atta girl!
2020-01-24 09:52:42,https://www.linkedin.com/feed/update/urn%3Ali%3Aactivity%3A6626402450301571072,"Make no sense to counteroffer because people with healthy self-confidence will ask two questions:
1) if company believes that I previously deserve higher pay, so they didn’t recognize me (and saved money at my expense) so why work for such company?
2) if company believes that I don’t deserve a higher pay, they have no faith in me (and pay rise will be a result of desperation), why work for such company?"
2020-01-23 10:08:18,https://www.linkedin.com/feed/update/urn%3Ali%3Aactivity%3A6626007677644357632,Been teaching and speaking publicly since 2009. Have tremor each time.
2020-01-22 08:44:10,https://www.linkedin.com/feed/update/urn%3Ali%3Aactivity%3A6624376396322082816,"Bear Shelton if you could make few more on UML Activity, deployment and static structure (to understand what those are :)) would be super cool!"
2020-01-20 08:32:57,https://www.linkedin.com/feed/update/urn%3Ali%3Aactivity%3A6623964472727875584,😆
2020-01-19 18:33:51,https://www.linkedin.com/feed/update/urn%3Ali%3Aactivity%3A6624730113189777409,Here is a Use Case Diagram I prepared for Banking app using Visio 2016.
2020-01-15 05:15:29,https://www.linkedin.com/feed/update/urn%3Ali%3AgroupPost%3A37631-6622534632426606592,"Max Naydek if you use Canvas, code is means to achieve value but not a value in itself."
2020-01-11 07:20:06,https://www.linkedin.com/feed/update/urn%3Ali%3Aactivity%3A6621005966601256960,"I’m pretty sure that there was a “bang”, I heard 👂it ) so it is not “rather” but more “apart from” ;)"
2020-01-10 11:28:13,https://www.linkedin.com/feed/update/urn%3Ali%3Aactivity%3A6621350324747800576,А как это связано с профессиональной сетью LinkedIn?
2019-12-09 14:34:08,https://www.linkedin.com/feed/update/urn%3Ali%3AgroupPost%3A63315-6609802883489763328,"Vladislava Zatsarinnaya, would be great to have a formal document or list of \"to dos\" and \"to don'ts\" :) "
2019-12-04 18:55:26,https://www.linkedin.com/feed/update/urn%3Ali%3Aactivity%3A6608006461513695232,"Oh, what an accomplishment 😅"
2019-12-03 14:12:35,https://www.linkedin.com/feed/update/urn%3Ali%3Aactivity%3A6607552039830552576,"Close, very close 😅"
2019-11-29 09:11:05,https://www.linkedin.com/feed/update/urn%3Ali%3Aactivity%3A6606049578028503040,😂👍
2019-11-27 07:55:30,https://www.linkedin.com/feed/update/urn%3Ali%3AugcPost%3A6605193880075939840,Agnieszka Filipska you kidding?!
2019-11-25 13:35:35,https://www.linkedin.com/feed/update/urn%3Ali%3Aactivity%3A6604627932843520001,Sort of...
2019-11-19 19:22:46,https://www.linkedin.com/feed/update/urn%3Ali%3Aactivity%3A6602560033060339712,4500 is a great offer when you are bilingual? Say no more 😅
2019-11-18 13:22:15,https://www.linkedin.com/feed/update/urn%3Ali%3Aactivity%3A6602126881913430016,"The definition is low, can’t read it :("
2019-11-15 13:17:34,https://www.linkedin.com/feed/update/urn%3Ali%3Aactivity%3A6597454106305134592,Anna Popova посмотришь?
2019-11-07 10:09:36,https://www.linkedin.com/feed/update/urn%3Ali%3Aactivity%3A6598145758799646720,Well done!
2019-11-06 20:19:57,https://www.linkedin.com/feed/update/urn%3Ali%3AugcPost%3A6597850907919040512,Прикольное CV 👍
2019-11-04 14:48:34,https://www.linkedin.com/feed/update/urn%3Ali%3Aactivity%3A6597041853168783360,"My wife has Bambi, similar to this one😊"
2019-10-30 14:33:04,https://www.linkedin.com/feed/update/urn%3Ali%3Aactivity%3A6594974273385959424,Thanks Edyta 👍
2019-10-24 18:17:14,https://www.linkedin.com/feed/update/urn%3Ali%3Aactivity%3A6592332997729501184,Где кулер с вискрем?!
2019-10-24 18:14:33,https://www.linkedin.com/feed/update/urn%3Ali%3Aactivity%3A6593164172626796544,Edyta Babula thanks for sharing 👍
2019-10-19 06:15:12,https://www.linkedin.com/feed/update/urn%3Ali%3Aactivity%3A6590247895939768320,Плакал 😂
2019-10-17 10:38:14,https://www.linkedin.com/feed/update/urn%3Ali%3Aactivity%3A6590000694231617536,Chris Croft is my favorite
2019-10-16 12:34:29,https://www.linkedin.com/feed/update/urn%3Ali%3Aactivity%3A6588513299422289920,"Это как «чупа-кабра», все слышали, но никогда не видели"
2019-10-15 17:50:44,https://www.linkedin.com/feed/update/urn%3Ali%3Aactivity%3A6589565952889761792,Было 15 минут собеседование с Амазоном. Тоже было странно.
2019-10-11 08:11:23,https://www.linkedin.com/feed/update/urn%3Ali%3Aactivity%3A6588178572668612608,Well done little brother!
2019-09-28 13:35:10,https://www.linkedin.com/feed/update/urn%3Ali%3AugcPost%3A6579433257119596544,😂
2019-09-27 17:39:34,https://www.linkedin.com/feed/update/urn%3Ali%3Aactivity%3A6583054245489184768,I did 🤟
2019-09-27 13:36:29,https://www.linkedin.com/feed/update/urn%3Ali%3Aactivity%3A6583339176865865728,"Guys, there are no places available. It's already sold out :( 
By the way, it is a second time event is advertised but without available places.
What is the point of such advert?"
2019-09-26 05:37:32,https://www.linkedin.com/feed/update/urn%3Ali%3Aactivity%3A6582843534901035008,Is Emma going to give up her CEO title or is she going to sit on two chairs at the same time?
2019-09-26 05:34:02,https://www.linkedin.com/feed/update/urn%3Ali%3AugcPost%3A6582722387496718336,Mistake of all without exception big corpo
2019-09-23 08:26:57,https://www.linkedin.com/feed/update/urn%3Ali%3Aactivity%3A6581801560588767232,"How was it, will you write an article?"
2019-09-20 10:09:44,https://www.linkedin.com/feed/update/urn%3Ali%3Aactivity%3A6580744987133251584,"Could be an opportunity to make ladder, learn climbing or reach out to those who have ladder..."
2019-09-19 16:56:14,https://www.linkedin.com/feed/update/urn%3Ali%3Aactivity%3A6578348766133272576,I passed level 1 on third attempt 😂
2019-09-19 06:46:22,https://www.linkedin.com/feed/update/urn%3Ali%3AugcPost%3A6580187785620267008,Chris is one of my favorites :)
2019-09-18 12:35:41,https://www.linkedin.com/feed/update/urn%3Ali%3Aactivity%3A6579890871896948736,"Addiction of XXI century, very much contagious 😷"
2019-09-16 18:25:47,https://www.linkedin.com/feed/update/urn%3Ali%3Aactivity%3A6579167014647107584,But we all know who is going to bear the fruit when mid managers succeed 🤓
2019-09-11 19:19:32,https://www.linkedin.com/feed/update/urn%3Ali%3Aactivity%3A6577583207519178752,I don’t know how you managed to finalize it :)
2019-09-10 12:51:36,https://www.linkedin.com/feed/update/urn%3Ali%3Aactivity%3A6574676203851010048,"Yes, i Heard that on Interview for scrum master"
2019-09-08 17:30:40,https://www.linkedin.com/feed/update/urn%3Ali%3Aactivity%3A6567018897562718208,Nicely written article 👍
2019-09-06 16:56:43,https://www.linkedin.com/feed/update/urn%3Ali%3Aactivity%3A6575748489215565825,"Gary, you are my God damn personal Jesus Christ of marketing! Thanks man! 🤜🤛"
2019-09-06 16:53:46,https://www.linkedin.com/feed/update/urn%3Ali%3Aactivity%3A6575756140620189697,"Very good illustration, thanks Mat! Did you do infographic yourself? Been trying to put some stuff together but it is god damn difficult (specially in illustrator)."
2019-09-06 04:14:12,https://www.linkedin.com/feed/update/urn%3Ali%3Aactivity%3A6575558028664365056,Spurious correlation.
2019-09-05 17:12:40,https://www.linkedin.com/feed/update/urn%3Ali%3Aactivity%3A6575077790985576448,Great 👍 article!
2019-09-04 16:43:24,https://www.linkedin.com/feed/update/urn%3Ali%3Aactivity%3A6574724533083746304,"I left UK, back in 2011, specifically because foreigners are not welcome. With God’s help, you will get those bludy papers :)"
2019-09-04 14:09:42,https://www.linkedin.com/feed/update/urn%3Ali%3Aactivity%3A6574876643905585152,Having some marbles is no longer trendy...
2019-08-28 05:51:33,https://www.linkedin.com/feed/update/urn%3Ali%3Aactivity%3A6571653894227755008,中国加油！
2019-08-27 13:49:10,https://www.linkedin.com/feed/update/urn%3Ali%3Aactivity%3A6572111531687858176,Good to have you by my side
2019-08-25 16:57:41,https://www.linkedin.com/feed/update/urn%3Ali%3Aactivity%3A6571315063586680832,"Have it since 2016, so does my family. Great app."
2019-08-20 08:46:26,https://www.linkedin.com/feed/update/urn%3Ali%3Aactivity%3A6569417206407450624,"Eddie, we both now that these objectives (customer value and so on) are path through to shareholder value. "
2019-08-17 18:14:38,https://www.linkedin.com/feed/update/urn%3Ali%3Aactivity%3A6567283283351212033,So in fact it could be a tribute to women rather than an intention to impose obedience. 
2019-08-17 16:12:32,https://www.linkedin.com/feed/update/urn%3Ali%3Aactivity%3A6567283283351212033,"My personal virtual trainer app offers me option which voice to choose (male, female), the same is with my TomTom navigation app. I have a choice which voice to choose. The same feature is available for Siri. So is there a bias after all?"
2019-08-16 11:38:00,https://www.linkedin.com/feed/update/urn%3Ali%3Aactivity%3A6568062340472942592,"Damn, he forgot to list them!... :/"
2019-08-15 16:33:10,https://www.linkedin.com/feed/update/urn%3Ali%3Aactivity%3A6567798108057673728,"wow, remarkable😅"
2019-08-08 12:20:31,https://www.linkedin.com/feed/update/urn%3Ali%3Aactivity%3A6565204182566088704,Job is tough 🥊 so no illusions
2019-07-18 04:52:54,https://www.linkedin.com/feed/update/urn%3Ali%3Aactivity%3A6557325596215566336,True story! ✊
2019-07-05 04:40:04,https://www.linkedin.com/feed/update/urn%3Ali%3Aactivity%3A6551437950272450560,"And finance advisor,  of course, was the only variable which you took into account when you assessed wealth of champ?"
2019-06-03 07:31:10,https://www.linkedin.com/feed/update/urn%3Ali%3AugcPost%3A6540230634076536832,"Early stage, putting together business cases"
2019-06-02 09:45:50,https://www.linkedin.com/feed/update/urn%3Ali%3Aactivity%3A6540884060057673728,🤜🤛
2019-05-30 11:01:41,https://www.linkedin.com/feed/update/urn%3Ali%3Aactivity%3A6539658048833671168,Mateusz Żeromski good point 👌
2019-05-30 10:53:32,https://www.linkedin.com/feed/update/urn%3Ali%3Aactivity%3A6539658048833671168,"but how about management of resources (time, money, people)?"
2019-05-24 11:42:40,https://www.linkedin.com/feed/update/urn%3Ali%3Aactivity%3A6537650762980356096,Change management
2019-05-24 08:55:27,https://www.linkedin.com/feed/update/urn%3Ali%3AugcPost%3A6536142644098228224,True story...
2019-05-22 13:24:50,https://www.linkedin.com/feed/update/urn%3Ali%3Aactivity%3A6536890411443728384,Any time)
2019-05-21 08:07:06,https://www.linkedin.com/feed/update/urn%3Ali%3Aactivity%3A6535929539103731712,"Jarek Spychalski ACMA, CGMA well, if you are Chinese IT specialist, yes, it’s not hard"
2019-05-21 05:34:54,https://www.linkedin.com/feed/update/urn%3Ali%3Aactivity%3A6535929539103731712,"Well, hard to say what they meant, perhaps it’s a mistake, perhaps it’s not"
2019-05-20 06:36:18,https://www.linkedin.com/feed/update/urn%3Ali%3Aactivity%3A6535961445866225665,Good luck in your new endeavor! ✊
2019-05-11 09:29:42,https://www.linkedin.com/feed/update/urn%3Ali%3Aactivity%3A6532592605002366976,"Rob, keep telling it to yourself. "
2019-04-30 18:45:55,https://www.linkedin.com/feed/update/urn%3Ali%3Aactivity%3A6528666117223780352,As if this apology is a result of change in mindset. They will still select Caucasian candidates)
2019-04-29 06:19:43,https://www.linkedin.com/feed/update/urn%3Ali%3Aactivity%3A6528433561400381440,"Hi Tomas, this quote has resemblance with ice water bucket. Those who don’t want to do either, will come after you)"
2019-04-22 11:06:34,https://www.linkedin.com/feed/update/urn%3Ali%3AugcPost%3A6520996888181899264,More!)
2019-04-20 11:33:25,https://www.linkedin.com/feed/update/urn%3Ali%3AugcPost%3A6524374724624084992,True story))
2019-04-19 11:45:32,https://www.linkedin.com/feed/update/urn%3Ali%3AugcPost%3A6522095485778563072,😂
2019-04-18 12:28:49,https://www.linkedin.com/feed/update/urn%3Ali%3Aactivity%3A6522010058417590272,"Most of the job descriptions are in English these days, maybe this is the reason :/"
2019-04-18 04:44:42,https://www.linkedin.com/feed/update/urn%3Ali%3Aactivity%3A6524447245281128448,Great course! Looking forward to more advanced level!
2019-04-16 05:52:25,https://www.linkedin.com/feed/update/urn%3Ali%3Aactivity%3A6523379836885434368,7 years?! Quite a dedication)
2019-04-15 07:33:50,https://www.linkedin.com/feed/update/urn%3Ali%3Aactivity%3A6523225044229849089,🤦‍♂️oh dear
2019-04-14 10:40:58,https://www.linkedin.com/feed/update/urn%3Ali%3AugcPost%3A6518622561046130688,Zero alignment with reality (Chinese folks give gadgets to kids from the moment they can hold them) 😅
2019-04-11 07:15:06,https://www.linkedin.com/feed/update/urn%3Ali%3Aactivity%3A6521846786569699328,"Hi Louise, what’s the primary focus of this course? Service, software or else?"
2019-04-10 19:54:25,https://www.linkedin.com/feed/update/urn%3Ali%3Aactivity%3A6521493544140705792,Sounds challenging but promising 👍
2019-04-09 09:47:03,https://www.linkedin.com/feed/update/urn%3Ali%3AugcPost%3A6521120159485173760,Enjoy 😉 your balanced life!)
2019-04-05 10:30:35,https://www.linkedin.com/feed/update/urn%3Ali%3AlyndaCourse%3A173884,I should recommend it to my whole team 😅
2019-04-04 07:56:34,https://www.linkedin.com/feed/update/urn%3Ali%3Aarticle%3A7168053792495962060,I can now say with 100% confidence that sooner or later all of us plan to quit) The question is only whether it is “sooner” or “later” 🤔
2019-04-04 07:53:25,https://www.linkedin.com/feed/update/urn%3Ali%3Aactivity%3A6518869671721209856,How was it? Anyone can share a feedback on such meetings?
2019-04-04 07:52:23,https://www.linkedin.com/feed/update/urn%3Ali%3AugcPost%3A6519296932257505280,Any key 🔑 messages from this course?
2019-04-03 11:40:38,https://www.linkedin.com/feed/update/urn%3Ali%3AugcPost%3A6517767700335427584,Its on my to do list. Was it good?
2019-03-27 10:57:12,https://www.linkedin.com/feed/update/urn%3Ali%3AugcPost%3A6516353420260044801,More please!)
2019-03-26 10:41:25,https://www.linkedin.com/feed/update/urn%3Ali%3AugcPost%3A6516049900831154176,Already emailed him last week. Waiting for reply 👍
2019-03-23 14:38:44,https://www.linkedin.com/feed/update/urn%3Ali%3Aactivity%3A6514172129888530432,I hope climate is mild and comforting :)
2019-03-21 07:50:24,https://www.linkedin.com/feed/update/urn%3Ali%3Aarticle%3A7691924156895865413,What is “best”? How do you assess “best”? Does “loyal” and “best” are synonyms?
2019-03-17 10:22:31,https://www.linkedin.com/feed/update/urn%3Ali%3Aactivity%3A6512782882656780288,Aliaksandr Zhukovich I’d love to see it accompanied by talk. Presentation looks great 👍
2019-03-16 08:14:26,https://www.linkedin.com/feed/update/urn%3Ali%3Aactivity%3A6510896426204033024,"Can't tell, haven't tried yet :/"
2019-03-15 14:45:40,https://www.linkedin.com/feed/update/urn%3Ali%3Aactivity%3A6510896426204033024,"Well done Paula, have you signed up for the next level?)"
2019-03-14 21:39:39,https://www.linkedin.com/feed/update/urn%3Ali%3AugcPost%3A6510831124896366592,"I’m ready to hire this guy as an SDR, what’s his email?)"
2019-03-12 10:31:56,https://www.linkedin.com/feed/update/urn%3Ali%3Aactivity%3A6511142107418238976,Ma man! 💪
2019-03-06 07:32:17,https://www.linkedin.com/feed/update/urn%3Ali%3Aarticle%3A8902181864706185867,"But it’s not always the case. I’d say often it is not the case. You’ve got to take into account the job market. I had two resignation notices last month, both are related to the fact that other company offer simply higher compensation. As a manager (or boss) I have no influence over it. This is corporate world, you won’t get a pay rise each time a competing company approaches you."
2019-02-23 09:06:49,https://www.linkedin.com/feed/update/urn%3Ali%3Aactivity%3A6504965209780822016,😂 that’s what happens when there a short supply
2019-02-20 19:55:55,https://www.linkedin.com/feed/update/urn%3Ali%3Aactivity%3A6504039677840879616,"Absolutely fantastic event, thank you very much for invitation!"
2019-02-20 19:52:45,https://www.linkedin.com/feed/update/urn%3Ali%3Aactivity%3A6504071111402094593,True story 😂
2019-02-20 11:04:03,https://www.linkedin.com/feed/update/urn%3Ali%3Aactivity%3A6503466165145202688,10 years commitment! Longer than most of the marriages) 👍
2019-02-12 06:13:02,https://www.linkedin.com/feed/update/urn%3Ali%3Aactivity%3A6499507749519495168,Since when accountants became officers?
2019-02-06 07:23:14,https://www.linkedin.com/feed/update/urn%3Ali%3AugcPost%3A6495730177954369536,Hilarious 😂
2019-01-31 13:05:42,https://www.linkedin.com/feed/update/urn%3Ali%3Aactivity%3A6495954585688121344,Нет
2019-01-08 17:23:07,https://www.linkedin.com/feed/update/urn%3Ali%3Aactivity%3A6488076359284461568,"Apply now, now! We need you:)"
2018-11-28 05:32:26,https://www.linkedin.com/feed/update/urn%3Ali%3Aarticle%3A7604864360708012948,"Now you gotta think twice before you move))"
2018-09-20 13:26:02,https://www.linkedin.com/feed/update/urn%3Ali%3Aactivity%3A6404992067184971776,Is it done on a regular basis (sort of school approach) or more of an ad hoc style (event like)?
2018-09-20 13:06:39,https://www.linkedin.com/feed/update/urn%3Ali%3Aactivity%3A6428602897155653632,"What is your feedback on this event? Would you recommend it?"
2018-09-05 04:03:50,https://www.linkedin.com/feed/update/urn%3Ali%3Aactivity%3A6440489642373443584,"True story, faced identical situation with purchase of plant in Ukraine."
2018-09-04 09:07:55,https://www.linkedin.com/feed/update/urn%3Ali%3Aactivity%3A6441321207919845376,"Welcome to the family, brother :)"
2018-08-23 09:19:42,https://www.linkedin.com/feed/update/urn%3Ali%3Aactivity%3A6438212796231479296,"Guys, you are incredible!"
2018-08-09 13:41:18,https://www.linkedin.com/feed/update/urn%3Ali%3AgroupPost%3A38728-6432689916148359172,Should be more than enough
2018-08-01 13:32:43,https://www.linkedin.com/feed/update/urn%3Ali%3Aactivity%3A6429635002388017152,"I agree with Jeremy, Udacity is great, it's a shame they have so few business related courses."
2018-07-31 19:55:28,https://www.linkedin.com/feed/update/urn%3Ali%3Aactivity%3A6430060590932332544,Thanks for sharing!
2018-07-31 06:17:28,https://www.linkedin.com/feed/update/urn%3Ali%3Aactivity%3A6429644842321698816,I always thought it is a mission impossible :)
2018-06-15 09:12:16,https://www.linkedin.com/feed/update/urn%3Ali%3Aactivity%3A6412210178422345728,It’s a great idea and don’t give up on China!:)
2018-06-03 13:31:24,https://www.linkedin.com/feed/update/urn%3Ali%3Aactivity%3A6408544193936912384,True story
2018-05-28 10:11:46,https://www.linkedin.com/feed/update/urn%3Ali%3Aactivity%3A6406597297119076352,"Brian is a legend, love his trainings"
2018-02-25 07:40:37,https://www.linkedin.com/feed/update/urn%3Ali%3Aactivity%3A6373068474675224576,"I shall run my first half marathon in April and this one is already hard enough so when I see people who run full marathon, I just want to shake hand. Keep going (running)!"
2018-02-05 18:52:38,https://www.linkedin.com/feed/update/urn%3Ali%3Aactivity%3A6365829577146712064,加油
2017-12-03 09:46:06,https://www.linkedin.com/feed/update/urn%3Ali%3Aactivity%3A6342425190739386369,That was my initial though (some sort of spurious correlation between amount of rainfall in US and inflation Australia)
2017-12-03 09:36:28,https://www.linkedin.com/feed/update/urn%3Ali%3Aactivity%3A6342425190739386369,You can go short and make some money ;)
2017-12-01 18:50:32,https://www.linkedin.com/feed/update/urn%3Ali%3Aactivity%3A6342425190739386369,"Eddie, you are on top of it, as always. Thanks!"
2017-10-17 17:47:08,https://www.linkedin.com/feed/update/urn%3Ali%3Aactivity%3A6326008064759644160,Ещё один? Скоро будет армия менеджеров
2017-09-04 07:39:54,https://www.linkedin.com/feed/update/urn%3Ali%3Aactivity%3A6310267458452226048,失败不是倒下，但拒绝起床。👍
2017-08-07 05:54:37,https://www.linkedin.com/feed/update/urn%3Ali%3Aactivity%3A6298575691604594688,Well done and welcome to the family of ACCA members :)
2017-08-02 16:08:44,https://www.linkedin.com/feed/update/urn%3Ali%3Aactivity%3A6297096876592238592,"I was looking for a job in China, so contacted 100 or so people, got 4 responses and 1 offer. It's hard to get through, especially if people visit their profile once a month :/"
2017-07-17 05:28:57,https://www.linkedin.com/feed/update/urn%3Ali%3Aarticle%3A7278465527703615660,"Often I heard - \"it doesn't matter\" (as a reply to \"thank you\"), \"good morning\" at any time of the day (and night), use of \"he\" and \"she\" interchangeably :)
Great article, Oliver!"
2017-03-22 07:49:17,https://www.linkedin.com/feed/update/urn%3Ali%3Aactivity%3A6249988360396378112,"Edie, can I also have it, please? Thanks!"
2017-02-07 06:13:02,https://www.linkedin.com/feed/update/urn%3Ali%3Aactivity%3A6230276272098983936,"Я спортсмен, ем 5-6 раз в день. Получил бы такое письмо и компания осталась бы без финдира."
2017-02-03 12:32:40,https://www.linkedin.com/feed/update/urn%3Ali%3Aactivity%3A6232939322484629504,No presence in China?
2016-08-17 11:30:38,https://www.linkedin.com/feed/update/urn%3Ali%3Aactivity%3A6168588151334977536,"Trust me, sometimes first question comes from CEO and that's unfortunate"
2015-12-01 11:50:29,https://www.linkedin.com/feed/update/urn%3Ali%3Aactivity%3A6077091329622450178,"Here, here!"
2015-05-17 18:55:22,https://www.linkedin.com/feed/update/urn%3Ali%3Aactivity%3A6004697872388362241,Congrats!
2014-12-11 12:18:39,https://www.linkedin.com/feed/update/urn%3Ali%3Aactivity%3A5943711195440631808,I think in Poland it is close to China :)
2014-10-10 05:50:41,https://www.linkedin.com/feed/update/urn%3Ali%3Aactivity%3A5924246658517848064,Trumpet is a style! Good choice!
2014-03-11 15:49:23,https://www.linkedin.com/feed/update/urn%3Ali%3Aactivity%3A5845998306282438656,All the best in new role!
2014-03-11 15:48:42,https://www.linkedin.com/feed/update/urn%3Ali%3AgroupPost%3A57518848-5846518515107930114,All the best in new role!
2013-12-10 19:12:25,https://www.linkedin.com/feed/update/urn%3Ali%3Aactivity%3A5816094999250472960,That was my first job in London! Good start!
2013-12-10 19:12:12,https://www.linkedin.com/feed/update/urn%3Ali%3AgroupPost%3A173855253-5816242447998554112,That was my first job in London! Good start!
2013-10-14 21:22:06,https://www.linkedin.com/feed/update/urn%3Ali%3Aactivity%3A249471231875531003,You are still around?!? Congratulations!
2013-10-14 21:21:34,https://www.linkedin.com/feed/update/urn%3Ali%3AgroupPost%3A147123187-5795629265890328576,You are still around?!? Congratulations!
2013-10-11 13:49:16,https://www.linkedin.com/feed/update/urn%3Ali%3Aactivity%3A249564848505531002,You are still around!?! Happy anniversary!!!
2013-10-11 13:48:40,https://www.linkedin.com/feed/update/urn%3Ali%3AgroupPost%3A156484850-5794428064289017858,You are still around!?! Happy anniversary!!!
2013-05-02 20:08:22,https://www.linkedin.com/feed/update/urn%3Ali%3AgroupPost%3A115519601-237657540,"Well done, you!"
2012-09-21 15:38:43,https://www.linkedin.com/feed/update/urn%3Ali%3Aactivity%3A5654675366363553793,"Hi Chad, when will we try ourselves at working with Hyperion? (Any time soon?)"
2012-09-21 15:38:34,https://www.linkedin.com/feed/update/urn%3Ali%3AgroupPost%3A62514386-166787594,"Hi Chad, when will we try ourselves at working with Hyperion? (Any time soon?)"
